statistics_code;statistics_label;time_code;time_label;time;1_variable_code;1_variable_label;1_variable_attribute_code;1_variable_attribute_label;2_variable_code;2_variable_label;2_variable_attribute_code;2_variable_attribute_label;3_variable_code;3_variable_label;3_variable_attribute_code;3_variable_attribute_label;4_variable_code;4_variable_label;4_variable_attribute_code;4_variable_attribute_label;value;value_unit;value_variable_code;value_variable_label;value_q
61243;Durchschnittspreise für Strom und Gas;JAHR;Jahr;2019;HALBJA;Halbjahre;HALBJH1;1. Halbjahr;DINSG;Deutschland insgesamt;DG;Deutschland;PREAT1;Preisarten;PRE-NETTO-02;Durchschnittspreise ohne Umsatzsteuer u.a. abz.St.;VBRST1;Strom-Jahresverbrauchsklassen Haushalte;HH-STR-DD;5 000 bis unter 15 000 KWh;-;EUR/kWh;PRE060;Strompreise für Haushalte;
61243;Durchschnittspreise für Strom und Gas;JAHR;Jahr;2023;HALBJA;Halbjahre;HALBJH1;1. Halbjahr;DINSG;Deutschland insgesamt;DG;Deutschland;PREAT1;Preisarten;PRE-NETTO-02;Durchschnittspreise ohne Umsatzsteuer u.a. abz.St.;VBRST1;Strom-Jahresverbrauchsklassen Haushalte;HH-STR-DD;5 000 bis unter 15 000 KWh;0,3236;EUR/kWh;PRE060;Strompreise für Haushalte;e
61243;Durchschnittspreise für Strom und Gas;JAHR;Jahr;2024;HALBJA;Halbjahre;HALBJH1;1. Halbjahr;DINSG;Deutschland insgesamt;DG;Deutschland;PREAT1;Preisarten;PRE-NETTO-02;Durchschnittspreise ohne Umsatzsteuer u.a. abz.St.;VBRST1;Strom-Jahresverbrauchsklassen Haushalte;HH-STR-DD;5 000 bis unter 15 000 KWh;0,3037;EUR/kWh;PRE060;Strompreise für Haushalte;e
61243;Durchschnittspreise für Strom und Gas;JAHR;Jahr;2024;HALBJA;Halbjahre;HALBJH2;2. Halbjahr;DINSG;Deutschland insgesamt;DG;Deutschland;PREAT1;Preisarten;PRE-BRUTTO;Durchschnittspreise inkl.Steuern, Abgaben, Umlagen;VBRST1;Strom-Jahresverbrauchsklassen Haushalte;HH-STR-DC;2 500 bis unter 5 000 KWh;0,3943;EUR/kWh;PRE060;Strompreise für Haushalte;e
61243;Durchschnittspreise für Strom und Gas;JAHR;Jahr;2023;HALBJA;Halbjahre;HALBJH2;2. Halbjahr;DINSG;Deutschland insgesamt;DG;Deutschland;PREAT1;Preisarten;PRE-BRUTTO;Durchschnittspreise inkl.Steuern, Abgaben, Umlagen;VBRST1;Strom-Jahresverbrauchsklassen Haushalte;HH-STR-DB;1 000 bis unter 2 500 KWh;0,4458;EUR/kWh;PRE060;Strompreise für Haushalte;e
61243;Durchschnittspreise für Strom und Gas;JAHR;Jahr;2023;HALBJA;Halbjahre;HALBJH2;2. Halbjahr;DINSG;Deutschland insgesamt;DG;Deutschland;PREAT1;Preisarten;PRE-NETTO-02;Durchschnittspreise ohne Umsatzsteuer u.a. abz.St.;VBRST1;Strom-Jahresverbrauchsklassen Haushalte;HH-STR-DD;5 000 bis unter 15 000 KWh;0,3166;EUR/kWh;PRE060;Strompreise für Haushalte;e
61243;Durchschnittspreise für Strom und Gas;JAHR;Jahr;2022;HALBJA;Halbjahre;HALBJH2;2. Halbjahr;DINSG;Deutschland insgesamt;DG;Deutschland;PREAT1;Preisarten;PRE-NETTO-02;Durchschnittspreise ohne Umsatzsteuer u.a. abz.St.;VBRST1;Strom-Jahresverbrauchsklassen Haushalte;HH-STR-DD;5 000 bis unter 15 000 KWh;0,2557;EUR/kWh;PRE060;Strompreise für Haushalte;e
61243;Durchschnittspreise für Strom und Gas;JAHR;Jahr;2022;HALBJA;Halbjahre;HALBJH2;2. Halbjahr;DINSG;Deutschland insgesamt;DG;Deutschland;PREAT1;Preisarten;PRE-BRUTTO;Durchschnittspreise inkl.Steuern, Abgaben, Umlagen;VBRST1;Strom-Jahresverbrauchsklassen Haushalte;HH-STR-DA;unter 1 000 KWh;0,5164;EUR/kWh;PRE060;Strompreise für Haushalte;e
61243;Durchschnittspreise für Strom und Gas;JAHR;Jahr;2019;HALBJA;Halbjahre;HALBJH2;2. Halbjahr;DINSG;Deutschland insgesamt;DG;Deutschland;PREAT1;Preisarten;PRE-NETTO-01;Durchschnittspreise ohne Steuern, Abgaben, Umlagen;VBRST1;Strom-Jahresverbrauchsklassen Haushalte;HH-STR-DA;unter 1 000 KWh;0,2733;EUR/kWh;PRE060;Strompreise für Haushalte;e
61243;Durchschnittspreise für Strom und Gas;JAHR;Jahr;2020;HALBJA;Halbjahre;HALBJH2;2. Halbjahr;DINSG;Deutschland insgesamt;DG;Deutschland;PREAT1;Preisarten;PRE-NETTO-01;Durchschnittspreise ohne Steuern, Abgaben, Umlagen;VBRST1;Strom-Jahresverbrauchsklassen Haushalte;HH-STR-DA;unter 1 000 KWh;0,2638;EUR/kWh;PRE060;Strompreise für Haushalte;e
61243;Durchschnittspreise für Strom und Gas;JAHR;Jahr;2022;HALBJA;Halbjahre;HALBJH2;2. Halbjahr;DINSG;Deutschland insgesamt;DG;Deutschland;PREAT1;Preisarten;PRE-NETTO-01;Durchschnittspreise ohne Steuern, Abgaben, Umlagen;VBRST1;Strom-Jahresverbrauchsklassen Haushalte;HH-STR-DA;unter 1 000 KWh;0,383;EUR/kWh;PRE060;Strompreise für Haushalte;e
61243;Durchschnittspreise für Strom und Gas;JAHR;Jahr;2024;HALBJA;Halbjahre;HALBJH2;2. Halbjahr;DINSG;Deutschland insgesamt;DG;Deutschland;PREAT1;Preisarten;PRE-NETTO-02;Durchschnittspreise ohne Umsatzsteuer u.a. abz.St.;VBRST1;Strom-Jahresverbrauchsklassen Haushalte;HH-STR-DD;5 000 bis unter 15 000 KWh;0,3038;EUR/kWh;PRE060;Strompreise für Haushalte;e
61243;Durchschnittspreise für Strom und Gas;JAHR;Jahr;2021;HALBJA;Halbjahre;HALBJH2;2. Halbjahr;DINSG;Deutschland insgesamt;DG;Deutschland;PREAT1;Preisarten;PRE-NETTO-01;Durchschnittspreise ohne Steuern, Abgaben, Umlagen;VBRST1;Strom-Jahresverbrauchsklassen Haushalte;HH-STR-DA;unter 1 000 KWh;0,2852;EUR/kWh;PRE060;Strompreise für Haushalte;e
61243;Durchschnittspreise für Strom und Gas;JAHR;Jahr;2022;HALBJA;Halbjahre;HALBJH1;1. Halbjahr;DINSG;Deutschland insgesamt;DG;Deutschland;PREAT1;Preisarten;PRE-NETTO-02;Durchschnittspreise ohne Umsatzsteuer u.a. abz.St.;VBRST1;Strom-Jahresverbrauchsklassen Haushalte;HH-STR-DD;5 000 bis unter 15 000 KWh;0,2517;EUR/kWh;PRE060;Strompreise für Haushalte;e
61243;Durchschnittspreise für Strom und Gas;JAHR;Jahr;2021;HALBJA;Halbjahre;HALBJH1;1. Halbjahr;DINSG;Deutschland insgesamt;DG;Deutschland;PREAT1;Preisarten;PRE-NETTO-02;Durchschnittspreise ohne Umsatzsteuer u.a. abz.St.;VBRST1;Strom-Jahresverbrauchsklassen Haushalte;HH-STR-DD;5 000 bis unter 15 000 KWh;0,2458;EUR/kWh;PRE060;Strompreise für Haushalte;e
61243;Durchschnittspreise für Strom und Gas;JAHR;Jahr;2020;HALBJA;Halbjahre;HALBJH1;1. Halbjahr;DINSG;Deutschland insgesamt;DG;Deutschland;PREAT1;Preisarten;PRE-NETTO-02;Durchschnittspreise ohne Umsatzsteuer u.a. abz.St.;VBRST1;Strom-Jahresverbrauchsklassen Haushalte;HH-STR-DD;5 000 bis unter 15 000 KWh;0,2414;EUR/kWh;PRE060;Strompreise für Haushalte;e
61243;Durchschnittspreise für Strom und Gas;JAHR;Jahr;2024;HALBJA;Halbjahre;HALBJH1;1. Halbjahr;DINSG;Deutschland insgesamt;DG;Deutschland;PREAT1;Preisarten;PRE-BRUTTO;Durchschnittspreise inkl.Steuern, Abgaben, Umlagen;VBRST1;Strom-Jahresverbrauchsklassen Haushalte;HH-STR-DC;2 500 bis unter 5 000 KWh;0,3951;EUR/kWh;PRE060;Strompreise für Haushalte;e
61243;Durchschnittspreise für Strom und Gas;JAHR;Jahr;2023;HALBJA;Halbjahre;HALBJH1;1. Halbjahr;DINSG;Deutschland insgesamt;DG;Deutschland;PREAT1;Preisarten;PRE-BRUTTO;Durchschnittspreise inkl.Steuern, Abgaben, Umlagen;VBRST1;Strom-Jahresverbrauchsklassen Haushalte;HH-STR-DB;1 000 bis unter 2 500 KWh;0,4536;EUR/kWh;PRE060;Strompreise für Haushalte;e
61243;Durchschnittspreise für Strom und Gas;JAHR;Jahr;2022;HALBJA;Halbjahre;HALBJH1;1. Halbjahr;DINSG;Deutschland insgesamt;DG;Deutschland;PREAT1;Preisarten;PRE-BRUTTO;Durchschnittspreise inkl.Steuern, Abgaben, Umlagen;VBRST1;Strom-Jahresverbrauchsklassen Haushalte;HH-STR-DA;unter 1 000 KWh;0,4795;EUR/kWh;PRE060;Strompreise für Haushalte;e
61243;Durchschnittspreise für Strom und Gas;JAHR;Jahr;2019;HALBJA;Halbjahre;HALBJH2;2. Halbjahr;DINSG;Deutschland insgesamt;DG;Deutschland;PREAT1;Preisarten;PRE-NETTO-02;Durchschnittspreise ohne Umsatzsteuer u.a. abz.St.;VBRST1;Strom-Jahresverbrauchsklassen Haushalte;HH-STR-DD;5 000 bis unter 15 000 KWh;0,2222;EUR/kWh;PRE060;Strompreise für Haushalte;e
61243;Durchschnittspreise für Strom und Gas;JAHR;Jahr;2020;HALBJA;Halbjahre;HALBJH2;2. Halbjahr;DINSG;Deutschland insgesamt;DG;Deutschland;PREAT1;Preisarten;PRE-NETTO-02;Durchschnittspreise ohne Umsatzsteuer u.a. abz.St.;VBRST1;Strom-Jahresverbrauchsklassen Haushalte;HH-STR-DE;15 000 KWh und mehr;0,2169;EUR/kWh;PRE060;Strompreise für Haushalte;e
61243;Durchschnittspreise für Strom und Gas;JAHR;Jahr;2021;HALBJA;Halbjahre;HALBJH2;2. Halbjahr;DINSG;Deutschland insgesamt;DG;Deutschland;PREAT1;Preisarten;PRE-NETTO-02;Durchschnittspreise ohne Umsatzsteuer u.a. abz.St.;VBRST1;Strom-Jahresverbrauchsklassen Haushalte;HH-STR-DE;15 000 KWh und mehr;0,2109;EUR/kWh;PRE060;Strompreise für Haushalte;e
61243;Durchschnittspreise für Strom und Gas;JAHR;Jahr;2024;HALBJA;Halbjahre;HALBJH1;1. Halbjahr;DINSG;Deutschland insgesamt;DG;Deutschland;PREAT1;Preisarten;PRE-NETTO-01;Durchschnittspreise ohne Steuern, Abgaben, Umlagen;VBRST1;Strom-Jahresverbrauchsklassen Haushalte;HH-STR-DA;unter 1 000 KWh;0,4333;EUR/kWh;PRE060;Strompreise für Haushalte;e
61243;Durchschnittspreise für Strom und Gas;JAHR;Jahr;2022;HALBJA;Halbjahre;HALBJH1;1. Halbjahr;DINSG;Deutschland insgesamt;DG;Deutschland;PREAT1;Preisarten;PRE-NETTO-01;Durchschnittspreise ohne Steuern, Abgaben, Umlagen;VBRST1;Strom-Jahresverbrauchsklassen Haushalte;HH-STR-DA;unter 1 000 KWh;0,3147;EUR/kWh;PRE060;Strompreise für Haushalte;e
61243;Durchschnittspreise für Strom und Gas;JAHR;Jahr;2020;HALBJA;Halbjahre;HALBJH1;1. Halbjahr;DINSG;Deutschland insgesamt;DG;Deutschland;PREAT1;Preisarten;PRE-NETTO-01;Durchschnittspreise ohne Steuern, Abgaben, Umlagen;VBRST1;Strom-Jahresverbrauchsklassen Haushalte;HH-STR-DA;unter 1 000 KWh;0,2851;EUR/kWh;PRE060;Strompreise für Haushalte;e
61243;Durchschnittspreise für Strom und Gas;JAHR;Jahr;2023;HALBJA;Halbjahre;HALBJH1;1. Halbjahr;DINSG;Deutschland insgesamt;DG;Deutschland;PREAT1;Preisarten;PRE-NETTO-01;Durchschnittspreise ohne Steuern, Abgaben, Umlagen;VBRST1;Strom-Jahresverbrauchsklassen Haushalte;HH-STR-DA;unter 1 000 KWh;0,4304;EUR/kWh;PRE060;Strompreise für Haushalte;e
61243;Durchschnittspreise für Strom und Gas;JAHR;Jahr;2024;HALBJA;Halbjahre;HALBJH2;2. Halbjahr;DINSG;Deutschland insgesamt;DG;Deutschland;PREAT1;Preisarten;PRE-NETTO-02;Durchschnittspreise ohne Umsatzsteuer u.a. abz.St.;VBRST1;Strom-Jahresverbrauchsklassen Haushalte;;Insgesamt;0,3463;EUR/kWh;PRE060;Strompreise für Haushalte;e
61243;Durchschnittspreise für Strom und Gas;JAHR;Jahr;2021;HALBJA;Halbjahre;HALBJH1;1. Halbjahr;DINSG;Deutschland insgesamt;DG;Deutschland;PREAT1;Preisarten;PRE-NETTO-01;Durchschnittspreise ohne Steuern, Abgaben, Umlagen;VBRST1;Strom-Jahresverbrauchsklassen Haushalte;HH-STR-DA;unter 1 000 KWh;0,2725;EUR/kWh;PRE060;Strompreise für Haushalte;e
61243;Durchschnittspreise für Strom und Gas;JAHR;Jahr;2021;HALBJA;Halbjahre;HALBJH2;2. Halbjahr;DINSG;Deutschland insgesamt;DG;Deutschland;PREAT1;Preisarten;PRE-BRUTTO;Durchschnittspreise inkl.Steuern, Abgaben, Umlagen;VBRST1;Strom-Jahresverbrauchsklassen Haushalte;HH-STR-DA;unter 1 000 KWh;0,4756;EUR/kWh;PRE060;Strompreise für Haushalte;e
61243;Durchschnittspreise für Strom und Gas;JAHR;Jahr;2022;HALBJA;Halbjahre;HALBJH2;2. Halbjahr;DINSG;Deutschland insgesamt;DG;Deutschland;PREAT1;Preisarten;PRE-BRUTTO;Durchschnittspreise inkl.Steuern, Abgaben, Umlagen;VBRST1;Strom-Jahresverbrauchsklassen Haushalte;;Insgesamt;0,3496;EUR/kWh;PRE060;Strompreise für Haushalte;e
61243;Durchschnittspreise für Strom und Gas;JAHR;Jahr;2022;HALBJA;Halbjahre;HALBJH1;1. Halbjahr;DINSG;Deutschland insgesamt;DG;Deutschland;PREAT1;Preisarten;PRE-NETTO-02;Durchschnittspreise ohne Umsatzsteuer u.a. abz.St.;VBRST1;Strom-Jahresverbrauchsklassen Haushalte;HH-STR-DE;15 000 KWh und mehr;0,2272;EUR/kWh;PRE060;Strompreise für Haushalte;e
61243;Durchschnittspreise für Strom und Gas;JAHR;Jahr;2024;HALBJA;Halbjahre;HALBJH1;1. Halbjahr;DINSG;Deutschland insgesamt;DG;Deutschland;PREAT1;Preisarten;PRE-NETTO-02;Durchschnittspreise ohne Umsatzsteuer u.a. abz.St.;VBRST1;Strom-Jahresverbrauchsklassen Haushalte;HH-STR-DE;15 000 KWh und mehr;0,2902;EUR/kWh;PRE060;Strompreise für Haushalte;e
61243;Durchschnittspreise für Strom und Gas;JAHR;Jahr;2019;HALBJA;Halbjahre;HALBJH1;1. Halbjahr;DINSG;Deutschland insgesamt;DG;Deutschland;PREAT1;Preisarten;PRE-NETTO-02;Durchschnittspreise ohne Umsatzsteuer u.a. abz.St.;VBRST1;Strom-Jahresverbrauchsklassen Haushalte;HH-STR-DE;15 000 KWh und mehr;-;EUR/kWh;PRE060;Strompreise für Haushalte;
61243;Durchschnittspreise für Strom und Gas;JAHR;Jahr;2023;HALBJA;Halbjahre;HALBJH2;2. Halbjahr;DINSG;Deutschland insgesamt;DG;Deutschland;PREAT1;Preisarten;PRE-BRUTTO;Durchschnittspreise inkl.Steuern, Abgaben, Umlagen;VBRST1;Strom-Jahresverbrauchsklassen Haushalte;HH-STR-DC;2 500 bis unter 5 000 KWh;0,402;EUR/kWh;PRE060;Strompreise für Haushalte;e
61243;Durchschnittspreise für Strom und Gas;JAHR;Jahr;2024;HALBJA;Halbjahre;HALBJH2;2. Halbjahr;DINSG;Deutschland insgesamt;DG;Deutschland;PREAT1;Preisarten;PRE-BRUTTO;Durchschnittspreise inkl.Steuern, Abgaben, Umlagen;VBRST1;Strom-Jahresverbrauchsklassen Haushalte;HH-STR-DB;1 000 bis unter 2 500 KWh;0,4433;EUR/kWh;PRE060;Strompreise für Haushalte;e
61243;Durchschnittspreise für Strom und Gas;JAHR;Jahr;2019;HALBJA;Halbjahre;HALBJH1;1. Halbjahr;DINSG;Deutschland insgesamt;DG;Deutschland;PREAT1;Preisarten;PRE-BRUTTO;Durchschnittspreise inkl.Steuern, Abgaben, Umlagen;VBRST1;Strom-Jahresverbrauchsklassen Haushalte;HH-STR-DA;unter 1 000 KWh;-;EUR/kWh;PRE060;Strompreise für Haushalte;
61243;Durchschnittspreise für Strom und Gas;JAHR;Jahr;2022;HALBJA;Halbjahre;HALBJH2;2. Halbjahr;DINSG;Deutschland insgesamt;DG;Deutschland;PREAT1;Preisarten;PRE-NETTO-02;Durchschnittspreise ohne Umsatzsteuer u.a. abz.St.;VBRST1;Strom-Jahresverbrauchsklassen Haushalte;HH-STR-DE;15 000 KWh und mehr;0,2469;EUR/kWh;PRE060;Strompreise für Haushalte;e
61243;Durchschnittspreise für Strom und Gas;JAHR;Jahr;2023;HALBJA;Halbjahre;HALBJH2;2. Halbjahr;DINSG;Deutschland insgesamt;DG;Deutschland;PREAT1;Preisarten;PRE-NETTO-02;Durchschnittspreise ohne Umsatzsteuer u.a. abz.St.;VBRST1;Strom-Jahresverbrauchsklassen Haushalte;HH-STR-DC;2 500 bis unter 5 000 KWh;0,3379;EUR/kWh;PRE060;Strompreise für Haushalte;e
61243;Durchschnittspreise für Strom und Gas;JAHR;Jahr;2021;HALBJA;Halbjahre;HALBJH2;2. Halbjahr;DINSG;Deutschland insgesamt;DG;Deutschland;PREAT1;Preisarten;PRE-NETTO-01;Durchschnittspreise ohne Steuern, Abgaben, Umlagen;VBRST1;Strom-Jahresverbrauchsklassen Haushalte;HH-STR-DB;1 000 bis unter 2 500 KWh;0,1877;EUR/kWh;PRE060;Strompreise für Haushalte;e
61243;Durchschnittspreise für Strom und Gas;JAHR;Jahr;2024;HALBJA;Halbjahre;HALBJH2;2. Halbjahr;DINSG;Deutschland insgesamt;DG;Deutschland;PREAT1;Preisarten;PRE-NETTO-02;Durchschnittspreise ohne Umsatzsteuer u.a. abz.St.;VBRST1;Strom-Jahresverbrauchsklassen Haushalte;HH-STR-DE;15 000 KWh und mehr;0,2833;EUR/kWh;PRE060;Strompreise für Haushalte;e
61243;Durchschnittspreise für Strom und Gas;JAHR;Jahr;2022;HALBJA;Halbjahre;HALBJH1;1. Halbjahr;DINSG;Deutschland insgesamt;DG;Deutschland;PREAT1;Preisarten;PRE-BRUTTO;Durchschnittspreise inkl.Steuern, Abgaben, Umlagen;VBRST1;Strom-Jahresverbrauchsklassen Haushalte;;Insgesamt;0,335;EUR/kWh;PRE060;Strompreise für Haushalte;e
61243;Durchschnittspreise für Strom und Gas;JAHR;Jahr;2023;HALBJA;Halbjahre;HALBJH1;1. Halbjahr;DINSG;Deutschland insgesamt;DG;Deutschland;PREAT1;Preisarten;PRE-NETTO-02;Durchschnittspreise ohne Umsatzsteuer u.a. abz.St.;VBRST1;Strom-Jahresverbrauchsklassen Haushalte;HH-STR-DC;2 500 bis unter 5 000 KWh;0,3467;EUR/kWh;PRE060;Strompreise für Haushalte;e
61243;Durchschnittspreise für Strom und Gas;JAHR;Jahr;2021;HALBJA;Halbjahre;HALBJH1;1. Halbjahr;DINSG;Deutschland insgesamt;DG;Deutschland;PREAT1;Preisarten;PRE-NETTO-02;Durchschnittspreise ohne Umsatzsteuer u.a. abz.St.;VBRST1;Strom-Jahresverbrauchsklassen Haushalte;HH-STR-DC;2 500 bis unter 5 000 KWh;0,2684;EUR/kWh;PRE060;Strompreise für Haushalte;e
61243;Durchschnittspreise für Strom und Gas;JAHR;Jahr;2020;HALBJA;Halbjahre;HALBJH1;1. Halbjahr;DINSG;Deutschland insgesamt;DG;Deutschland;PREAT1;Preisarten;PRE-NETTO-02;Durchschnittspreise ohne Umsatzsteuer u.a. abz.St.;VBRST1;Strom-Jahresverbrauchsklassen Haushalte;HH-STR-DE;15 000 KWh und mehr;0,2174;EUR/kWh;PRE060;Strompreise für Haushalte;e
61243;Durchschnittspreise für Strom und Gas;JAHR;Jahr;2024;HALBJA;Halbjahre;HALBJH1;1. Halbjahr;DINSG;Deutschland insgesamt;DG;Deutschland;PREAT1;Preisarten;PRE-BRUTTO;Durchschnittspreise inkl.Steuern, Abgaben, Umlagen;VBRST1;Strom-Jahresverbrauchsklassen Haushalte;HH-STR-DB;1 000 bis unter 2 500 KWh;0,4423;EUR/kWh;PRE060;Strompreise für Haushalte;e
61243;Durchschnittspreise für Strom und Gas;JAHR;Jahr;2023;HALBJA;Halbjahre;HALBJH1;1. Halbjahr;DINSG;Deutschland insgesamt;DG;Deutschland;PREAT1;Preisarten;PRE-BRUTTO;Durchschnittspreise inkl.Steuern, Abgaben, Umlagen;VBRST1;Strom-Jahresverbrauchsklassen Haushalte;HH-STR-DC;2 500 bis unter 5 000 KWh;0,4125;EUR/kWh;PRE060;Strompreise für Haushalte;e
61243;Durchschnittspreise für Strom und Gas;JAHR;Jahr;2019;HALBJA;Halbjahre;HALBJH2;2. Halbjahr;DINSG;Deutschland insgesamt;DG;Deutschland;PREAT1;Preisarten;PRE-BRUTTO;Durchschnittspreise inkl.Steuern, Abgaben, Umlagen;VBRST1;Strom-Jahresverbrauchsklassen Haushalte;HH-STR-DA;unter 1 000 KWh;0,457;EUR/kWh;PRE060;Strompreise für Haushalte;e
61243;Durchschnittspreise für Strom und Gas;JAHR;Jahr;2019;HALBJA;Halbjahre;HALBJH1;1. Halbjahr;DINSG;Deutschland insgesamt;DG;Deutschland;PREAT1;Preisarten;PRE-NETTO-01;Durchschnittspreise ohne Steuern, Abgaben, Umlagen;VBRST1;Strom-Jahresverbrauchsklassen Haushalte;HH-STR-DA;unter 1 000 KWh;-;EUR/kWh;PRE060;Strompreise für Haushalte;
61243;Durchschnittspreise für Strom und Gas;JAHR;Jahr;2024;HALBJA;Halbjahre;HALBJH1;1. Halbjahr;DINSG;Deutschland insgesamt;DG;Deutschland;PREAT1;Preisarten;PRE-NETTO-01;Durchschnittspreise ohne Steuern, Abgaben, Umlagen;VBRST1;Strom-Jahresverbrauchsklassen Haushalte;HH-STR-DB;1 000 bis unter 2 500 KWh;0,3185;EUR/kWh;PRE060;Strompreise für Haushalte;e
61243;Durchschnittspreise für Strom und Gas;JAHR;Jahr;2019;HALBJA;Halbjahre;HALBJH2;2. Halbjahr;DINSG;Deutschland insgesamt;DG;Deutschland;PREAT1;Preisarten;PRE-NETTO-02;Durchschnittspreise ohne Umsatzsteuer u.a. abz.St.;VBRST1;Strom-Jahresverbrauchsklassen Haushalte;HH-STR-DC;2 500 bis unter 5 000 KWh;0,2418;EUR/kWh;PRE060;Strompreise für Haushalte;e
61243;Durchschnittspreise für Strom und Gas;JAHR;Jahr;2024;HALBJA;Halbjahre;HALBJH2;2. Halbjahr;DINSG;Deutschland insgesamt;DG;Deutschland;PREAT1;Preisarten;PRE-NETTO-01;Durchschnittspreise ohne Steuern, Abgaben, Umlagen;VBRST1;Strom-Jahresverbrauchsklassen Haushalte;HH-STR-DA;unter 1 000 KWh;0,4402;EUR/kWh;PRE060;Strompreise für Haushalte;e
61243;Durchschnittspreise für Strom und Gas;JAHR;Jahr;2020;HALBJA;Halbjahre;HALBJH2;2. Halbjahr;DINSG;Deutschland insgesamt;DG;Deutschland;PREAT1;Preisarten;PRE-NETTO-02;Durchschnittspreise ohne Umsatzsteuer u.a. abz.St.;VBRST1;Strom-Jahresverbrauchsklassen Haushalte;HH-STR-DD;5 000 bis unter 15 000 KWh;0,2414;EUR/kWh;PRE060;Strompreise für Haushalte;e
61243;Durchschnittspreise für Strom und Gas;JAHR;Jahr;2022;HALBJA;Halbjahre;HALBJH1;1. Halbjahr;DINSG;Deutschland insgesamt;DG;Deutschland;PREAT1;Preisarten;PRE-NETTO-01;Durchschnittspreise ohne Steuern, Abgaben, Umlagen;VBRST1;Strom-Jahresverbrauchsklassen Haushalte;HH-STR-DB;1 000 bis unter 2 500 KWh;0,2188;EUR/kWh;PRE060;Strompreise für Haushalte;e
61243;Durchschnittspreise für Strom und Gas;JAHR;Jahr;2020;HALBJA;Halbjahre;HALBJH1;1. Halbjahr;DINSG;Deutschland insgesamt;DG;Deutschland;PREAT1;Preisarten;PRE-NETTO-01;Durchschnittspreise ohne Steuern, Abgaben, Umlagen;VBRST1;Strom-Jahresverbrauchsklassen Haushalte;HH-STR-DB;1 000 bis unter 2 500 KWh;0,1742;EUR/kWh;PRE060;Strompreise für Haushalte;e
61243;Durchschnittspreise für Strom und Gas;JAHR;Jahr;2023;HALBJA;Halbjahre;HALBJH2;2. Halbjahr;DINSG;Deutschland insgesamt;DG;Deutschland;PREAT1;Preisarten;PRE-NETTO-02;Durchschnittspreise ohne Umsatzsteuer u.a. abz.St.;VBRST1;Strom-Jahresverbrauchsklassen Haushalte;;Insgesamt;0,3509;EUR/kWh;PRE060;Strompreise für Haushalte;e
61243;Durchschnittspreise für Strom und Gas;JAHR;Jahr;2023;HALBJA;Halbjahre;HALBJH2;2. Halbjahr;DINSG;Deutschland insgesamt;DG;Deutschland;PREAT1;Preisarten;PRE-NETTO-01;Durchschnittspreise ohne Steuern, Abgaben, Umlagen;VBRST1;Strom-Jahresverbrauchsklassen Haushalte;;Insgesamt;0,3016;EUR/kWh;PRE060;Strompreise für Haushalte;e
61243;Durchschnittspreise für Strom und Gas;JAHR;Jahr;2019;HALBJA;Halbjahre;HALBJH1;1. Halbjahr;DINSG;Deutschland insgesamt;DG;Deutschland;PREAT1;Preisarten;PRE-NETTO-02;Durchschnittspreise ohne Umsatzsteuer u.a. abz.St.;VBRST1;Strom-Jahresverbrauchsklassen Haushalte;HH-STR-DB;1 000 bis unter 2 500 KWh;-;EUR/kWh;PRE060;Strompreise für Haushalte;
61243;Durchschnittspreise für Strom und Gas;JAHR;Jahr;2024;HALBJA;Halbjahre;HALBJH2;2. Halbjahr;DINSG;Deutschland insgesamt;DG;Deutschland;PREAT1;Preisarten;PRE-BRUTTO;Durchschnittspreise inkl.Steuern, Abgaben, Umlagen;VBRST1;Strom-Jahresverbrauchsklassen Haushalte;HH-STR-DE;15 000 KWh und mehr;0,337;EUR/kWh;PRE060;Strompreise für Haushalte;e
61243;Durchschnittspreise für Strom und Gas;JAHR;Jahr;2023;HALBJA;Halbjahre;HALBJH2;2. Halbjahr;DINSG;Deutschland insgesamt;DG;Deutschland;PREAT1;Preisarten;PRE-BRUTTO;Durchschnittspreise inkl.Steuern, Abgaben, Umlagen;VBRST1;Strom-Jahresverbrauchsklassen Haushalte;HH-STR-DD;5 000 bis unter 15 000 KWh;0,3767;EUR/kWh;PRE060;Strompreise für Haushalte;e
61243;Durchschnittspreise für Strom und Gas;JAHR;Jahr;2022;HALBJA;Halbjahre;HALBJH2;2. Halbjahr;DINSG;Deutschland insgesamt;DG;Deutschland;PREAT1;Preisarten;PRE-NETTO-02;Durchschnittspreise ohne Umsatzsteuer u.a. abz.St.;VBRST1;Strom-Jahresverbrauchsklassen Haushalte;HH-STR-DB;1 000 bis unter 2 500 KWh;0,3141;EUR/kWh;PRE060;Strompreise für Haushalte;e
61243;Durchschnittspreise für Strom und Gas;JAHR;Jahr;2023;HALBJA;Halbjahre;HALBJH2;2. Halbjahr;DINSG;Deutschland insgesamt;DG;Deutschland;PREAT1;Preisarten;PRE-NETTO-02;Durchschnittspreise ohne Umsatzsteuer u.a. abz.St.;VBRST1;Strom-Jahresverbrauchsklassen Haushalte;HH-STR-DB;1 000 bis unter 2 500 KWh;0,3747;EUR/kWh;PRE060;Strompreise für Haushalte;e
61243;Durchschnittspreise für Strom und Gas;JAHR;Jahr;2020;HALBJA;Halbjahre;HALBJH2;2. Halbjahr;DINSG;Deutschland insgesamt;DG;Deutschland;PREAT1;Preisarten;PRE-BRUTTO;Durchschnittspreise inkl.Steuern, Abgaben, Umlagen;VBRST1;Strom-Jahresverbrauchsklassen Haushalte;HH-STR-DA;unter 1 000 KWh;0,442;EUR/kWh;PRE060;Strompreise für Haushalte;e
61243;Durchschnittspreise für Strom und Gas;JAHR;Jahr;2019;HALBJA;Halbjahre;HALBJH1;1. Halbjahr;DINSG;Deutschland insgesamt;DG;Deutschland;PREAT1;Preisarten;PRE-BRUTTO;Durchschnittspreise inkl.Steuern, Abgaben, Umlagen;VBRST1;Strom-Jahresverbrauchsklassen Haushalte;HH-STR-DB;1 000 bis unter 2 500 KWh;-;EUR/kWh;PRE060;Strompreise für Haushalte;
61243;Durchschnittspreise für Strom und Gas;JAHR;Jahr;2020;HALBJA;Halbjahre;HALBJH2;2. Halbjahr;DINSG;Deutschland insgesamt;DG;Deutschland;PREAT1;Preisarten;PRE-NETTO-01;Durchschnittspreise ohne Steuern, Abgaben, Umlagen;VBRST1;Strom-Jahresverbrauchsklassen Haushalte;HH-STR-DC;2 500 bis unter 5 000 KWh;0,1451;EUR/kWh;PRE060;Strompreise für Haushalte;e
61243;Durchschnittspreise für Strom und Gas;JAHR;Jahr;2023;HALBJA;Halbjahre;HALBJH1;1. Halbjahr;DINSG;Deutschland insgesamt;DG;Deutschland;PREAT1;Preisarten;PRE-NETTO-02;Durchschnittspreise ohne Umsatzsteuer u.a. abz.St.;VBRST1;Strom-Jahresverbrauchsklassen Haushalte;;Insgesamt;0,3554;EUR/kWh;PRE060;Strompreise für Haushalte;e
61243;Durchschnittspreise für Strom und Gas;JAHR;Jahr;2022;HALBJA;Halbjahre;HALBJH1;1. Halbjahr;DINSG;Deutschland insgesamt;DG;Deutschland;PREAT1;Preisarten;PRE-NETTO-02;Durchschnittspreise ohne Umsatzsteuer u.a. abz.St.;VBRST1;Strom-Jahresverbrauchsklassen Haushalte;HH-STR-DB;1 000 bis unter 2 500 KWh;0,3061;EUR/kWh;PRE060;Strompreise für Haushalte;e
61243;Durchschnittspreise für Strom und Gas;JAHR;Jahr;2023;HALBJA;Halbjahre;HALBJH1;1. Halbjahr;DINSG;Deutschland insgesamt;DG;Deutschland;PREAT1;Preisarten;PRE-NETTO-02;Durchschnittspreise ohne Umsatzsteuer u.a. abz.St.;VBRST1;Strom-Jahresverbrauchsklassen Haushalte;HH-STR-DB;1 000 bis unter 2 500 KWh;0,3812;EUR/kWh;PRE060;Strompreise für Haushalte;e
61243;Durchschnittspreise für Strom und Gas;JAHR;Jahr;2020;HALBJA;Halbjahre;HALBJH1;1. Halbjahr;DINSG;Deutschland insgesamt;DG;Deutschland;PREAT1;Preisarten;PRE-BRUTTO;Durchschnittspreise inkl.Steuern, Abgaben, Umlagen;VBRST1;Strom-Jahresverbrauchsklassen Haushalte;HH-STR-DD;5 000 bis unter 15 000 KWh;0,2863;EUR/kWh;PRE060;Strompreise für Haushalte;e
61243;Durchschnittspreise für Strom und Gas;JAHR;Jahr;2021;HALBJA;Halbjahre;HALBJH1;1. Halbjahr;DINSG;Deutschland insgesamt;DG;Deutschland;PREAT1;Preisarten;PRE-BRUTTO;Durchschnittspreise inkl.Steuern, Abgaben, Umlagen;VBRST1;Strom-Jahresverbrauchsklassen Haushalte;HH-STR-DE;15 000 KWh und mehr;0,2549;EUR/kWh;PRE060;Strompreise für Haushalte;e
61243;Durchschnittspreise für Strom und Gas;JAHR;Jahr;2021;HALBJA;Halbjahre;HALBJH2;2. Halbjahr;DINSG;Deutschland insgesamt;DG;Deutschland;PREAT1;Preisarten;PRE-BRUTTO;Durchschnittspreise inkl.Steuern, Abgaben, Umlagen;VBRST1;Strom-Jahresverbrauchsklassen Haushalte;;Insgesamt;0,3287;EUR/kWh;PRE060;Strompreise für Haushalte;e
61243;Durchschnittspreise für Strom und Gas;JAHR;Jahr;2022;HALBJA;Halbjahre;HALBJH1;1. Halbjahr;DINSG;Deutschland insgesamt;DG;Deutschland;PREAT1;Preisarten;PRE-BRUTTO;Durchschnittspreise inkl.Steuern, Abgaben, Umlagen;VBRST1;Strom-Jahresverbrauchsklassen Haushalte;HH-STR-DC;2 500 bis unter 5 000 KWh;0,3279;EUR/kWh;PRE060;Strompreise für Haushalte;e
61243;Durchschnittspreise für Strom und Gas;JAHR;Jahr;2024;HALBJA;Halbjahre;HALBJH1;1. Halbjahr;DINSG;Deutschland insgesamt;DG;Deutschland;PREAT1;Preisarten;PRE-BRUTTO;Durchschnittspreise inkl.Steuern, Abgaben, Umlagen;VBRST1;Strom-Jahresverbrauchsklassen Haushalte;HH-STR-DA;unter 1 000 KWh;0,5803;EUR/kWh;PRE060;Strompreise für Haushalte;e
61243;Durchschnittspreise für Strom und Gas;JAHR;Jahr;2019;HALBJA;Halbjahre;HALBJH2;2. Halbjahr;DINSG;Deutschland insgesamt;DG;Deutschland;PREAT1;Preisarten;PRE-BRUTTO;Durchschnittspreise inkl.Steuern, Abgaben, Umlagen;VBRST1;Strom-Jahresverbrauchsklassen Haushalte;;Insgesamt;0,2992;EUR/kWh;PRE060;Strompreise für Haushalte;e
61243;Durchschnittspreise für Strom und Gas;JAHR;Jahr;2024;HALBJA;Halbjahre;HALBJH1;1. Halbjahr;DINSG;Deutschland insgesamt;DG;Deutschland;PREAT1;Preisarten;PRE-NETTO-01;Durchschnittspreise ohne Steuern, Abgaben, Umlagen;VBRST1;Strom-Jahresverbrauchsklassen Haushalte;HH-STR-DC;2 500 bis unter 5 000 KWh;0,2806;EUR/kWh;PRE060;Strompreise für Haushalte;e
61243;Durchschnittspreise für Strom und Gas;JAHR;Jahr;2019;HALBJA;Halbjahre;HALBJH2;2. Halbjahr;DINSG;Deutschland insgesamt;DG;Deutschland;PREAT1;Preisarten;PRE-NETTO-02;Durchschnittspreise ohne Umsatzsteuer u.a. abz.St.;VBRST1;Strom-Jahresverbrauchsklassen Haushalte;HH-STR-DB;1 000 bis unter 2 500 KWh;0,2726;EUR/kWh;PRE060;Strompreise für Haushalte;e
61243;Durchschnittspreise für Strom und Gas;JAHR;Jahr;2024;HALBJA;Halbjahre;HALBJH2;2. Halbjahr;DINSG;Deutschland insgesamt;DG;Deutschland;PREAT1;Preisarten;PRE-NETTO-01;Durchschnittspreise ohne Steuern, Abgaben, Umlagen;VBRST1;Strom-Jahresverbrauchsklassen Haushalte;HH-STR-DB;1 000 bis unter 2 500 KWh;0,3192;EUR/kWh;PRE060;Strompreise für Haushalte;e
61243;Durchschnittspreise für Strom und Gas;JAHR;Jahr;2021;HALBJA;Halbjahre;HALBJH2;2. Halbjahr;DINSG;Deutschland insgesamt;DG;Deutschland;PREAT1;Preisarten;PRE-NETTO-02;Durchschnittspreise ohne Umsatzsteuer u.a. abz.St.;VBRST1;Strom-Jahresverbrauchsklassen Haushalte;HH-STR-DC;2 500 bis unter 5 000 KWh;0,2718;EUR/kWh;PRE060;Strompreise für Haushalte;e
61243;Durchschnittspreise für Strom und Gas;JAHR;Jahr;2022;HALBJA;Halbjahre;HALBJH2;2. Halbjahr;DINSG;Deutschland insgesamt;DG;Deutschland;PREAT1;Preisarten;PRE-NETTO-02;Durchschnittspreise ohne Umsatzsteuer u.a. abz.St.;VBRST1;Strom-Jahresverbrauchsklassen Haushalte;;Insgesamt;0,2938;EUR/kWh;PRE060;Strompreise für Haushalte;e
61243;Durchschnittspreise für Strom und Gas;JAHR;Jahr;2020;HALBJA;Halbjahre;HALBJH1;1. Halbjahr;DINSG;Deutschland insgesamt;DG;Deutschland;PREAT1;Preisarten;PRE-BRUTTO;Durchschnittspreise inkl.Steuern, Abgaben, Umlagen;VBRST1;Strom-Jahresverbrauchsklassen Haushalte;;Insgesamt;0,3194;EUR/kWh;PRE060;Strompreise für Haushalte;e
61243;Durchschnittspreise für Strom und Gas;JAHR;Jahr;2020;HALBJA;Halbjahre;HALBJH1;1. Halbjahr;DINSG;Deutschland insgesamt;DG;Deutschland;PREAT1;Preisarten;PRE-NETTO-01;Durchschnittspreise ohne Steuern, Abgaben, Umlagen;VBRST1;Strom-Jahresverbrauchsklassen Haushalte;HH-STR-DC;2 500 bis unter 5 000 KWh;0,143;EUR/kWh;PRE060;Strompreise für Haushalte;e
61243;Durchschnittspreise für Strom und Gas;JAHR;Jahr;2021;HALBJA;Halbjahre;HALBJH1;1. Halbjahr;DINSG;Deutschland insgesamt;DG;Deutschland;PREAT1;Preisarten;PRE-NETTO-01;Durchschnittspreise ohne Steuern, Abgaben, Umlagen;VBRST1;Strom-Jahresverbrauchsklassen Haushalte;HH-STR-DC;2 500 bis unter 5 000 KWh;0,1562;EUR/kWh;PRE060;Strompreise für Haushalte;e
61243;Durchschnittspreise für Strom und Gas;JAHR;Jahr;2024;HALBJA;Halbjahre;HALBJH2;2. Halbjahr;DINSG;Deutschland insgesamt;DG;Deutschland;PREAT1;Preisarten;PRE-NETTO-01;Durchschnittspreise ohne Steuern, Abgaben, Umlagen;VBRST1;Strom-Jahresverbrauchsklassen Haushalte;;Insgesamt;0,2946;EUR/kWh;PRE060;Strompreise für Haushalte;e
61243;Durchschnittspreise für Strom und Gas;JAHR;Jahr;2019;HALBJA;Halbjahre;HALBJH1;1. Halbjahr;DINSG;Deutschland insgesamt;DG;Deutschland;PREAT1;Preisarten;PRE-NETTO-02;Durchschnittspreise ohne Umsatzsteuer u.a. abz.St.;VBRST1;Strom-Jahresverbrauchsklassen Haushalte;HH-STR-DC;2 500 bis unter 5 000 KWh;-;EUR/kWh;PRE060;Strompreise für Haushalte;
61243;Durchschnittspreise für Strom und Gas;JAHR;Jahr;2024;HALBJA;Halbjahre;HALBJH2;2. Halbjahr;DINSG;Deutschland insgesamt;DG;Deutschland;PREAT1;Preisarten;PRE-BRUTTO;Durchschnittspreise inkl.Steuern, Abgaben, Umlagen;VBRST1;Strom-Jahresverbrauchsklassen Haushalte;HH-STR-DD;5 000 bis unter 15 000 KWh;0,3614;EUR/kWh;PRE060;Strompreise für Haushalte;e
61243;Durchschnittspreise für Strom und Gas;JAHR;Jahr;2023;HALBJA;Halbjahre;HALBJH2;2. Halbjahr;DINSG;Deutschland insgesamt;DG;Deutschland;PREAT1;Preisarten;PRE-BRUTTO;Durchschnittspreise inkl.Steuern, Abgaben, Umlagen;VBRST1;Strom-Jahresverbrauchsklassen Haushalte;HH-STR-DE;15 000 KWh und mehr;0,3427;EUR/kWh;PRE060;Strompreise für Haushalte;e
61243;Durchschnittspreise für Strom und Gas;JAHR;Jahr;2022;HALBJA;Halbjahre;HALBJH2;2. Halbjahr;DINSG;Deutschland insgesamt;DG;Deutschland;PREAT1;Preisarten;PRE-NETTO-02;Durchschnittspreise ohne Umsatzsteuer u.a. abz.St.;VBRST1;Strom-Jahresverbrauchsklassen Haushalte;HH-STR-DC;2 500 bis unter 5 000 KWh;0,2822;EUR/kWh;PRE060;Strompreise für Haushalte;e
61243;Durchschnittspreise für Strom und Gas;JAHR;Jahr;2023;HALBJA;Halbjahre;HALBJH2;2. Halbjahr;DINSG;Deutschland insgesamt;DG;Deutschland;PREAT1;Preisarten;PRE-NETTO-02;Durchschnittspreise ohne Umsatzsteuer u.a. abz.St.;VBRST1;Strom-Jahresverbrauchsklassen Haushalte;HH-STR-DA;unter 1 000 KWh;0,4857;EUR/kWh;PRE060;Strompreise für Haushalte;e
61243;Durchschnittspreise für Strom und Gas;JAHR;Jahr;2019;HALBJA;Halbjahre;HALBJH1;1. Halbjahr;DINSG;Deutschland insgesamt;DG;Deutschland;PREAT1;Preisarten;PRE-BRUTTO;Durchschnittspreise inkl.Steuern, Abgaben, Umlagen;VBRST1;Strom-Jahresverbrauchsklassen Haushalte;HH-STR-DC;2 500 bis unter 5 000 KWh;-;EUR/kWh;PRE060;Strompreise für Haushalte;
61243;Durchschnittspreise für Strom und Gas;JAHR;Jahr;2020;HALBJA;Halbjahre;HALBJH2;2. Halbjahr;DINSG;Deutschland insgesamt;DG;Deutschland;PREAT1;Preisarten;PRE-NETTO-01;Durchschnittspreise ohne Steuern, Abgaben, Umlagen;VBRST1;Strom-Jahresverbrauchsklassen Haushalte;HH-STR-DB;1 000 bis unter 2 500 KWh;0,1723;EUR/kWh;PRE060;Strompreise für Haushalte;e
61243;Durchschnittspreise für Strom und Gas;JAHR;Jahr;2024;HALBJA;Halbjahre;HALBJH1;1. Halbjahr;DINSG;Deutschland insgesamt;DG;Deutschland;PREAT1;Preisarten;PRE-NETTO-02;Durchschnittspreise ohne Umsatzsteuer u.a. abz.St.;VBRST1;Strom-Jahresverbrauchsklassen Haushalte;;Insgesamt;0,3448;EUR/kWh;PRE060;Strompreise für Haushalte;e
61243;Durchschnittspreise für Strom und Gas;JAHR;Jahr;2019;HALBJA;Halbjahre;HALBJH1;1. Halbjahr;DINSG;Deutschland insgesamt;DG;Deutschland;PREAT1;Preisarten;PRE-BRUTTO;Durchschnittspreise inkl.Steuern, Abgaben, Umlagen;VBRST1;Strom-Jahresverbrauchsklassen Haushalte;;Insgesamt;-;EUR/kWh;PRE060;Strompreise für Haushalte;
61243;Durchschnittspreise für Strom und Gas;JAHR;Jahr;2023;HALBJA;Halbjahre;HALBJH1;1. Halbjahr;DINSG;Deutschland insgesamt;DG;Deutschland;PREAT1;Preisarten;PRE-NETTO-02;Durchschnittspreise ohne Umsatzsteuer u.a. abz.St.;VBRST1;Strom-Jahresverbrauchsklassen Haushalte;HH-STR-DA;unter 1 000 KWh;0,4825;EUR/kWh;PRE060;Strompreise für Haushalte;e
61243;Durchschnittspreise für Strom und Gas;JAHR;Jahr;2021;HALBJA;Halbjahre;HALBJH1;1. Halbjahr;DINSG;Deutschland insgesamt;DG;Deutschland;PREAT1;Preisarten;PRE-BRUTTO;Durchschnittspreise inkl.Steuern, Abgaben, Umlagen;VBRST1;Strom-Jahresverbrauchsklassen Haushalte;HH-STR-DD;5 000 bis unter 15 000 KWh;0,2924;EUR/kWh;PRE060;Strompreise für Haushalte;e
61243;Durchschnittspreise für Strom und Gas;JAHR;Jahr;2020;HALBJA;Halbjahre;HALBJH1;1. Halbjahr;DINSG;Deutschland insgesamt;DG;Deutschland;PREAT1;Preisarten;PRE-BRUTTO;Durchschnittspreise inkl.Steuern, Abgaben, Umlagen;VBRST1;Strom-Jahresverbrauchsklassen Haushalte;HH-STR-DE;15 000 KWh und mehr;0,2579;EUR/kWh;PRE060;Strompreise für Haushalte;e
61243;Durchschnittspreise für Strom und Gas;JAHR;Jahr;2022;HALBJA;Halbjahre;HALBJH1;1. Halbjahr;DINSG;Deutschland insgesamt;DG;Deutschland;PREAT1;Preisarten;PRE-NETTO-02;Durchschnittspreise ohne Umsatzsteuer u.a. abz.St.;VBRST1;Strom-Jahresverbrauchsklassen Haushalte;HH-STR-DC;2 500 bis unter 5 000 KWh;0,2756;EUR/kWh;PRE060;Strompreise für Haushalte;e
61243;Durchschnittspreise für Strom und Gas;JAHR;Jahr;2021;HALBJA;Halbjahre;HALBJH1;1. Halbjahr;DINSG;Deutschland insgesamt;DG;Deutschland;PREAT1;Preisarten;PRE-NETTO-02;Durchschnittspreise ohne Umsatzsteuer u.a. abz.St.;VBRST1;Strom-Jahresverbrauchsklassen Haushalte;HH-STR-DE;15 000 KWh und mehr;0,2142;EUR/kWh;PRE060;Strompreise für Haushalte;e
61243;Durchschnittspreise für Strom und Gas;JAHR;Jahr;2024;HALBJA;Halbjahre;HALBJH1;1. Halbjahr;DINSG;Deutschland insgesamt;DG;Deutschland;PREAT1;Preisarten;PRE-NETTO-01;Durchschnittspreise ohne Steuern, Abgaben, Umlagen;VBRST1;Strom-Jahresverbrauchsklassen Haushalte;HH-STR-DD;5 000 bis unter 15 000 KWh;0,2551;EUR/kWh;PRE060;Strompreise für Haushalte;e
61243;Durchschnittspreise für Strom und Gas;JAHR;Jahr;2023;HALBJA;Halbjahre;HALBJH1;1. Halbjahr;DINSG;Deutschland insgesamt;DG;Deutschland;PREAT1;Preisarten;PRE-BRUTTO;Durchschnittspreise inkl.Steuern, Abgaben, Umlagen;VBRST1;Strom-Jahresverbrauchsklassen Haushalte;HH-STR-DA;unter 1 000 KWh;0,5741;EUR/kWh;PRE060;Strompreise für Haushalte;e
61243;Durchschnittspreise für Strom und Gas;JAHR;Jahr;2022;HALBJA;Halbjahre;HALBJH1;1. Halbjahr;DINSG;Deutschland insgesamt;DG;Deutschland;PREAT1;Preisarten;PRE-BRUTTO;Durchschnittspreise inkl.Steuern, Abgaben, Umlagen;VBRST1;Strom-Jahresverbrauchsklassen Haushalte;HH-STR-DB;1 000 bis unter 2 500 KWh;0,3643;EUR/kWh;PRE060;Strompreise für Haushalte;e
61243;Durchschnittspreise für Strom und Gas;JAHR;Jahr;2020;HALBJA;Halbjahre;HALBJH2;2. Halbjahr;DINSG;Deutschland insgesamt;DG;Deutschland;PREAT1;Preisarten;PRE-BRUTTO;Durchschnittspreise inkl.Steuern, Abgaben, Umlagen;VBRST1;Strom-Jahresverbrauchsklassen Haushalte;;Insgesamt;0,3116;EUR/kWh;PRE060;Strompreise für Haushalte;e
61243;Durchschnittspreise für Strom und Gas;JAHR;Jahr;2019;HALBJA;Halbjahre;HALBJH2;2. Halbjahr;DINSG;Deutschland insgesamt;DG;Deutschland;PREAT1;Preisarten;PRE-NETTO-02;Durchschnittspreise ohne Umsatzsteuer u.a. abz.St.;VBRST1;Strom-Jahresverbrauchsklassen Haushalte;HH-STR-DA;unter 1 000 KWh;0,384;EUR/kWh;PRE060;Strompreise für Haushalte;e
61243;Durchschnittspreise für Strom und Gas;JAHR;Jahr;2024;HALBJA;Halbjahre;HALBJH2;2. Halbjahr;DINSG;Deutschland insgesamt;DG;Deutschland;PREAT1;Preisarten;PRE-NETTO-01;Durchschnittspreise ohne Steuern, Abgaben, Umlagen;VBRST1;Strom-Jahresverbrauchsklassen Haushalte;HH-STR-DC;2 500 bis unter 5 000 KWh;0,2797;EUR/kWh;PRE060;Strompreise für Haushalte;e
61243;Durchschnittspreise für Strom und Gas;JAHR;Jahr;2023;HALBJA;Halbjahre;HALBJH2;2. Halbjahr;DINSG;Deutschland insgesamt;DG;Deutschland;PREAT1;Preisarten;PRE-NETTO-01;Durchschnittspreise ohne Steuern, Abgaben, Umlagen;VBRST1;Strom-Jahresverbrauchsklassen Haushalte;HH-STR-DE;15 000 KWh und mehr;0,2441;EUR/kWh;PRE060;Strompreise für Haushalte;e
61243;Durchschnittspreise für Strom und Gas;JAHR;Jahr;2021;HALBJA;Halbjahre;HALBJH2;2. Halbjahr;DINSG;Deutschland insgesamt;DG;Deutschland;PREAT1;Preisarten;PRE-NETTO-02;Durchschnittspreise ohne Umsatzsteuer u.a. abz.St.;VBRST1;Strom-Jahresverbrauchsklassen Haushalte;HH-STR-DD;5 000 bis unter 15 000 KWh;0,2472;EUR/kWh;PRE060;Strompreise für Haushalte;e
61243;Durchschnittspreise für Strom und Gas;JAHR;Jahr;2021;HALBJA;Halbjahre;HALBJH2;2. Halbjahr;DINSG;Deutschland insgesamt;DG;Deutschland;PREAT1;Preisarten;PRE-NETTO-02;Durchschnittspreise ohne Umsatzsteuer u.a. abz.St.;VBRST1;Strom-Jahresverbrauchsklassen Haushalte;;Insgesamt;0,2763;EUR/kWh;PRE060;Strompreise für Haushalte;e
61243;Durchschnittspreise für Strom und Gas;JAHR;Jahr;2020;HALBJA;Halbjahre;HALBJH1;1. Halbjahr;DINSG;Deutschland insgesamt;DG;Deutschland;PREAT1;Preisarten;PRE-NETTO-01;Durchschnittspreise ohne Steuern, Abgaben, Umlagen;VBRST1;Strom-Jahresverbrauchsklassen Haushalte;;Insgesamt;0,1558;EUR/kWh;PRE060;Strompreise für Haushalte;e
61243;Durchschnittspreise für Strom und Gas;JAHR;Jahr;2020;HALBJA;Halbjahre;HALBJH1;1. Halbjahr;DINSG;Deutschland insgesamt;DG;Deutschland;PREAT1;Preisarten;PRE-NETTO-01;Durchschnittspreise ohne Steuern, Abgaben, Umlagen;VBRST1;Strom-Jahresverbrauchsklassen Haushalte;HH-STR-DD;5 000 bis unter 15 000 KWh;0,1294;EUR/kWh;PRE060;Strompreise für Haushalte;e
61243;Durchschnittspreise für Strom und Gas;JAHR;Jahr;2021;HALBJA;Halbjahre;HALBJH1;1. Halbjahr;DINSG;Deutschland insgesamt;DG;Deutschland;PREAT1;Preisarten;PRE-NETTO-01;Durchschnittspreise ohne Steuern, Abgaben, Umlagen;VBRST1;Strom-Jahresverbrauchsklassen Haushalte;HH-STR-DB;1 000 bis unter 2 500 KWh;0,1827;EUR/kWh;PRE060;Strompreise für Haushalte;e
61243;Durchschnittspreise für Strom und Gas;JAHR;Jahr;2020;HALBJA;Halbjahre;HALBJH2;2. Halbjahr;DINSG;Deutschland insgesamt;DG;Deutschland;PREAT1;Preisarten;PRE-BRUTTO;Durchschnittspreise inkl.Steuern, Abgaben, Umlagen;VBRST1;Strom-Jahresverbrauchsklassen Haushalte;HH-STR-DC;2 500 bis unter 5 000 KWh;0,3006;EUR/kWh;PRE060;Strompreise für Haushalte;e
61243;Durchschnittspreise für Strom und Gas;JAHR;Jahr;2019;HALBJA;Halbjahre;HALBJH2;2. Halbjahr;DINSG;Deutschland insgesamt;DG;Deutschland;PREAT1;Preisarten;PRE-NETTO-01;Durchschnittspreise ohne Steuern, Abgaben, Umlagen;VBRST1;Strom-Jahresverbrauchsklassen Haushalte;HH-STR-DE;15 000 KWh und mehr;0,0936;EUR/kWh;PRE060;Strompreise für Haushalte;e
61243;Durchschnittspreise für Strom und Gas;JAHR;Jahr;2021;HALBJA;Halbjahre;HALBJH2;2. Halbjahr;DINSG;Deutschland insgesamt;DG;Deutschland;PREAT1;Preisarten;PRE-NETTO-01;Durchschnittspreise ohne Steuern, Abgaben, Umlagen;VBRST1;Strom-Jahresverbrauchsklassen Haushalte;;Insgesamt;0,1647;EUR/kWh;PRE060;Strompreise für Haushalte;e
61243;Durchschnittspreise für Strom und Gas;JAHR;Jahr;2019;HALBJA;Halbjahre;HALBJH1;1. Halbjahr;DINSG;Deutschland insgesamt;DG;Deutschland;PREAT1;Preisarten;PRE-BRUTTO;Durchschnittspreise inkl.Steuern, Abgaben, Umlagen;VBRST1;Strom-Jahresverbrauchsklassen Haushalte;HH-STR-DD;5 000 bis unter 15 000 KWh;-;EUR/kWh;PRE060;Strompreise für Haushalte;
61243;Durchschnittspreise für Strom und Gas;JAHR;Jahr;2022;HALBJA;Halbjahre;HALBJH2;2. Halbjahr;DINSG;Deutschland insgesamt;DG;Deutschland;PREAT1;Preisarten;PRE-BRUTTO;Durchschnittspreise inkl.Steuern, Abgaben, Umlagen;VBRST1;Strom-Jahresverbrauchsklassen Haushalte;HH-STR-DE;15 000 KWh und mehr;0,2938;EUR/kWh;PRE060;Strompreise für Haushalte;e
61243;Durchschnittspreise für Strom und Gas;JAHR;Jahr;2021;HALBJA;Halbjahre;HALBJH2;2. Halbjahr;DINSG;Deutschland insgesamt;DG;Deutschland;PREAT1;Preisarten;PRE-BRUTTO;Durchschnittspreise inkl.Steuern, Abgaben, Umlagen;VBRST1;Strom-Jahresverbrauchsklassen Haushalte;HH-STR-DD;5 000 bis unter 15 000 KWh;0,2941;EUR/kWh;PRE060;Strompreise für Haushalte;e
61243;Durchschnittspreise für Strom und Gas;JAHR;Jahr;2022;HALBJA;Halbjahre;HALBJH2;2. Halbjahr;DINSG;Deutschland insgesamt;DG;Deutschland;PREAT1;Preisarten;PRE-NETTO-01;Durchschnittspreise ohne Steuern, Abgaben, Umlagen;VBRST1;Strom-Jahresverbrauchsklassen Haushalte;HH-STR-DE;15 000 KWh und mehr;0,2017;EUR/kWh;PRE060;Strompreise für Haushalte;e
61243;Durchschnittspreise für Strom und Gas;JAHR;Jahr;2021;HALBJA;Halbjahre;HALBJH1;1. Halbjahr;DINSG;Deutschland insgesamt;DG;Deutschland;PREAT1;Preisarten;PRE-NETTO-02;Durchschnittspreise ohne Umsatzsteuer u.a. abz.St.;VBRST1;Strom-Jahresverbrauchsklassen Haushalte;;Insgesamt;0,2741;EUR/kWh;PRE060;Strompreise für Haushalte;e
61243;Durchschnittspreise für Strom und Gas;JAHR;Jahr;2021;HALBJA;Halbjahre;HALBJH2;2. Halbjahr;DINSG;Deutschland insgesamt;DG;Deutschland;PREAT1;Preisarten;PRE-NETTO-01;Durchschnittspreise ohne Steuern, Abgaben, Umlagen;VBRST1;Strom-Jahresverbrauchsklassen Haushalte;HH-STR-DE;15 000 KWh und mehr;0,1058;EUR/kWh;PRE060;Strompreise für Haushalte;e
61243;Durchschnittspreise für Strom und Gas;JAHR;Jahr;2020;HALBJA;Halbjahre;HALBJH2;2. Halbjahr;DINSG;Deutschland insgesamt;DG;Deutschland;PREAT1;Preisarten;PRE-NETTO-01;Durchschnittspreise ohne Steuern, Abgaben, Umlagen;VBRST1;Strom-Jahresverbrauchsklassen Haushalte;HH-STR-DE;15 000 KWh und mehr;0,1077;EUR/kWh;PRE060;Strompreise für Haushalte;e
61243;Durchschnittspreise für Strom und Gas;JAHR;Jahr;2020;HALBJA;Halbjahre;HALBJH1;1. Halbjahr;DINSG;Deutschland insgesamt;DG;Deutschland;PREAT1;Preisarten;PRE-BRUTTO;Durchschnittspreise inkl.Steuern, Abgaben, Umlagen;VBRST1;Strom-Jahresverbrauchsklassen Haushalte;HH-STR-DB;1 000 bis unter 2 500 KWh;0,343;EUR/kWh;PRE060;Strompreise für Haushalte;e
61243;Durchschnittspreise für Strom und Gas;JAHR;Jahr;2021;HALBJA;Halbjahre;HALBJH1;1. Halbjahr;DINSG;Deutschland insgesamt;DG;Deutschland;PREAT1;Preisarten;PRE-BRUTTO;Durchschnittspreise inkl.Steuern, Abgaben, Umlagen;VBRST1;Strom-Jahresverbrauchsklassen Haushalte;HH-STR-DC;2 500 bis unter 5 000 KWh;0,3193;EUR/kWh;PRE060;Strompreise für Haushalte;e
61243;Durchschnittspreise für Strom und Gas;JAHR;Jahr;2019;HALBJA;Halbjahre;HALBJH1;1. Halbjahr;DINSG;Deutschland insgesamt;DG;Deutschland;PREAT1;Preisarten;PRE-NETTO-02;Durchschnittspreise ohne Umsatzsteuer u.a. abz.St.;VBRST1;Strom-Jahresverbrauchsklassen Haushalte;;Insgesamt;-;EUR/kWh;PRE060;Strompreise für Haushalte;
61243;Durchschnittspreise für Strom und Gas;JAHR;Jahr;2021;HALBJA;Halbjahre;HALBJH1;1. Halbjahr;DINSG;Deutschland insgesamt;DG;Deutschland;PREAT1;Preisarten;PRE-NETTO-01;Durchschnittspreise ohne Steuern, Abgaben, Umlagen;VBRST1;Strom-Jahresverbrauchsklassen Haushalte;HH-STR-DE;15 000 KWh und mehr;0,108;EUR/kWh;PRE060;Strompreise für Haushalte;e
61243;Durchschnittspreise für Strom und Gas;JAHR;Jahr;2022;HALBJA;Halbjahre;HALBJH1;1. Halbjahr;DINSG;Deutschland insgesamt;DG;Deutschland;PREAT1;Preisarten;PRE-BRUTTO;Durchschnittspreise inkl.Steuern, Abgaben, Umlagen;VBRST1;Strom-Jahresverbrauchsklassen Haushalte;HH-STR-DE;15 000 KWh und mehr;0,2703;EUR/kWh;PRE060;Strompreise für Haushalte;e
61243;Durchschnittspreise für Strom und Gas;JAHR;Jahr;2024;HALBJA;Halbjahre;HALBJH1;1. Halbjahr;DINSG;Deutschland insgesamt;DG;Deutschland;PREAT1;Preisarten;PRE-NETTO-01;Durchschnittspreise ohne Steuern, Abgaben, Umlagen;VBRST1;Strom-Jahresverbrauchsklassen Haushalte;HH-STR-DE;15 000 KWh und mehr;0,2418;EUR/kWh;PRE060;Strompreise für Haushalte;e
61243;Durchschnittspreise für Strom und Gas;JAHR;Jahr;2022;HALBJA;Halbjahre;HALBJH1;1. Halbjahr;DINSG;Deutschland insgesamt;DG;Deutschland;PREAT1;Preisarten;PRE-NETTO-01;Durchschnittspreise ohne Steuern, Abgaben, Umlagen;VBRST1;Strom-Jahresverbrauchsklassen Haushalte;HH-STR-DE;15 000 KWh und mehr;0,147;EUR/kWh;PRE060;Strompreise für Haushalte;e
61243;Durchschnittspreise für Strom und Gas;JAHR;Jahr;2023;HALBJA;Halbjahre;HALBJH1;1. Halbjahr;DINSG;Deutschland insgesamt;DG;Deutschland;PREAT1;Preisarten;PRE-NETTO-01;Durchschnittspreise ohne Steuern, Abgaben, Umlagen;VBRST1;Strom-Jahresverbrauchsklassen Haushalte;HH-STR-DE;15 000 KWh und mehr;0,2497;EUR/kWh;PRE060;Strompreise für Haushalte;e
61243;Durchschnittspreise für Strom und Gas;JAHR;Jahr;2019;HALBJA;Halbjahre;HALBJH2;2. Halbjahr;DINSG;Deutschland insgesamt;DG;Deutschland;PREAT1;Preisarten;PRE-BRUTTO;Durchschnittspreise inkl.Steuern, Abgaben, Umlagen;VBRST1;Strom-Jahresverbrauchsklassen Haushalte;HH-STR-DD;5 000 bis unter 15 000 KWh;0,2644;EUR/kWh;PRE060;Strompreise für Haushalte;e
61243;Durchschnittspreise für Strom und Gas;JAHR;Jahr;2019;HALBJA;Halbjahre;HALBJH1;1. Halbjahr;DINSG;Deutschland insgesamt;DG;Deutschland;PREAT1;Preisarten;PRE-NETTO-01;Durchschnittspreise ohne Steuern, Abgaben, Umlagen;VBRST1;Strom-Jahresverbrauchsklassen Haushalte;HH-STR-DD;5 000 bis unter 15 000 KWh;-;EUR/kWh;PRE060;Strompreise für Haushalte;
61243;Durchschnittspreise für Strom und Gas;JAHR;Jahr;2024;HALBJA;Halbjahre;HALBJH2;2. Halbjahr;DINSG;Deutschland insgesamt;DG;Deutschland;PREAT1;Preisarten;PRE-NETTO-01;Durchschnittspreise ohne Steuern, Abgaben, Umlagen;VBRST1;Strom-Jahresverbrauchsklassen Haushalte;HH-STR-DD;5 000 bis unter 15 000 KWh;0,2547;EUR/kWh;PRE060;Strompreise für Haushalte;e
61243;Durchschnittspreise für Strom und Gas;JAHR;Jahr;2023;HALBJA;Halbjahre;HALBJH2;2. Halbjahr;DINSG;Deutschland insgesamt;DG;Deutschland;PREAT1;Preisarten;PRE-NETTO-01;Durchschnittspreise ohne Steuern, Abgaben, Umlagen;VBRST1;Strom-Jahresverbrauchsklassen Haushalte;HH-STR-DD;5 000 bis unter 15 000 KWh;0,2695;EUR/kWh;PRE060;Strompreise für Haushalte;e
61243;Durchschnittspreise für Strom und Gas;JAHR;Jahr;2021;HALBJA;Halbjahre;HALBJH2;2. Halbjahr;DINSG;Deutschland insgesamt;DG;Deutschland;PREAT1;Preisarten;PRE-NETTO-02;Durchschnittspreise ohne Umsatzsteuer u.a. abz.St.;VBRST1;Strom-Jahresverbrauchsklassen Haushalte;HH-STR-DA;unter 1 000 KWh;0,3997;EUR/kWh;PRE060;Strompreise für Haushalte;e
61243;Durchschnittspreise für Strom und Gas;JAHR;Jahr;2020;HALBJA;Halbjahre;HALBJH2;2. Halbjahr;DINSG;Deutschland insgesamt;DG;Deutschland;PREAT1;Preisarten;PRE-NETTO-02;Durchschnittspreise ohne Umsatzsteuer u.a. abz.St.;VBRST1;Strom-Jahresverbrauchsklassen Haushalte;HH-STR-DA;unter 1 000 KWh;0,381;EUR/kWh;PRE060;Strompreise für Haushalte;e
61243;Durchschnittspreise für Strom und Gas;JAHR;Jahr;2020;HALBJA;Halbjahre;HALBJH2;2. Halbjahr;DINSG;Deutschland insgesamt;DG;Deutschland;PREAT1;Preisarten;PRE-NETTO-02;Durchschnittspreise ohne Umsatzsteuer u.a. abz.St.;VBRST1;Strom-Jahresverbrauchsklassen Haushalte;;Insgesamt;0,2685;EUR/kWh;PRE060;Strompreise für Haushalte;e
61243;Durchschnittspreise für Strom und Gas;JAHR;Jahr;2021;HALBJA;Halbjahre;HALBJH1;1. Halbjahr;DINSG;Deutschland insgesamt;DG;Deutschland;PREAT1;Preisarten;PRE-NETTO-01;Durchschnittspreise ohne Steuern, Abgaben, Umlagen;VBRST1;Strom-Jahresverbrauchsklassen Haushalte;;Insgesamt;0,1623;EUR/kWh;PRE060;Strompreise für Haushalte;e
61243;Durchschnittspreise für Strom und Gas;JAHR;Jahr;2020;HALBJA;Halbjahre;HALBJH1;1. Halbjahr;DINSG;Deutschland insgesamt;DG;Deutschland;PREAT1;Preisarten;PRE-NETTO-01;Durchschnittspreise ohne Steuern, Abgaben, Umlagen;VBRST1;Strom-Jahresverbrauchsklassen Haushalte;HH-STR-DE;15 000 KWh und mehr;0,1085;EUR/kWh;PRE060;Strompreise für Haushalte;e
61243;Durchschnittspreise für Strom und Gas;JAHR;Jahr;2022;HALBJA;Halbjahre;HALBJH2;2. Halbjahr;DINSG;Deutschland insgesamt;DG;Deutschland;PREAT1;Preisarten;PRE-NETTO-01;Durchschnittspreise ohne Steuern, Abgaben, Umlagen;VBRST1;Strom-Jahresverbrauchsklassen Haushalte;;Insgesamt;0,2452;EUR/kWh;PRE060;Strompreise für Haushalte;e
61243;Durchschnittspreise für Strom und Gas;JAHR;Jahr;2021;HALBJA;Halbjahre;HALBJH2;2. Halbjahr;DINSG;Deutschland insgesamt;DG;Deutschland;PREAT1;Preisarten;PRE-BRUTTO;Durchschnittspreise inkl.Steuern, Abgaben, Umlagen;VBRST1;Strom-Jahresverbrauchsklassen Haushalte;HH-STR-DE;15 000 KWh und mehr;0,251;EUR/kWh;PRE060;Strompreise für Haushalte;e
61243;Durchschnittspreise für Strom und Gas;JAHR;Jahr;2019;HALBJA;Halbjahre;HALBJH1;1. Halbjahr;DINSG;Deutschland insgesamt;DG;Deutschland;PREAT1;Preisarten;PRE-NETTO-02;Durchschnittspreise ohne Umsatzsteuer u.a. abz.St.;VBRST1;Strom-Jahresverbrauchsklassen Haushalte;HH-STR-DA;unter 1 000 KWh;-;EUR/kWh;PRE060;Strompreise für Haushalte;
61243;Durchschnittspreise für Strom und Gas;JAHR;Jahr;2019;HALBJA;Halbjahre;HALBJH1;1. Halbjahr;DINSG;Deutschland insgesamt;DG;Deutschland;PREAT1;Preisarten;PRE-BRUTTO;Durchschnittspreise inkl.Steuern, Abgaben, Umlagen;VBRST1;Strom-Jahresverbrauchsklassen Haushalte;HH-STR-DE;15 000 KWh und mehr;-;EUR/kWh;PRE060;Strompreise für Haushalte;
61243;Durchschnittspreise für Strom und Gas;JAHR;Jahr;2022;HALBJA;Halbjahre;HALBJH2;2. Halbjahr;DINSG;Deutschland insgesamt;DG;Deutschland;PREAT1;Preisarten;PRE-NETTO-02;Durchschnittspreise ohne Umsatzsteuer u.a. abz.St.;VBRST1;Strom-Jahresverbrauchsklassen Haushalte;HH-STR-DA;unter 1 000 KWh;0,434;EUR/kWh;PRE060;Strompreise für Haushalte;e
61243;Durchschnittspreise für Strom und Gas;JAHR;Jahr;2019;HALBJA;Halbjahre;HALBJH2;2. Halbjahr;DINSG;Deutschland insgesamt;DG;Deutschland;PREAT1;Preisarten;PRE-NETTO-02;Durchschnittspreise ohne Umsatzsteuer u.a. abz.St.;VBRST1;Strom-Jahresverbrauchsklassen Haushalte;;Insgesamt;0,2514;EUR/kWh;PRE060;Strompreise für Haushalte;e
61243;Durchschnittspreise für Strom und Gas;JAHR;Jahr;2019;HALBJA;Halbjahre;HALBJH2;2. Halbjahr;DINSG;Deutschland insgesamt;DG;Deutschland;PREAT1;Preisarten;PRE-NETTO-01;Durchschnittspreise ohne Steuern, Abgaben, Umlagen;VBRST1;Strom-Jahresverbrauchsklassen Haushalte;HH-STR-DD;5 000 bis unter 15 000 KWh;0,1139;EUR/kWh;PRE060;Strompreise für Haushalte;e
61243;Durchschnittspreise für Strom und Gas;JAHR;Jahr;2022;HALBJA;Halbjahre;HALBJH2;2. Halbjahr;DINSG;Deutschland insgesamt;DG;Deutschland;PREAT1;Preisarten;PRE-BRUTTO;Durchschnittspreise inkl.Steuern, Abgaben, Umlagen;VBRST1;Strom-Jahresverbrauchsklassen Haushalte;HH-STR-DD;5 000 bis unter 15 000 KWh;0,3042;EUR/kWh;PRE060;Strompreise für Haushalte;e
61243;Durchschnittspreise für Strom und Gas;JAHR;Jahr;2024;HALBJA;Halbjahre;HALBJH2;2. Halbjahr;DINSG;Deutschland insgesamt;DG;Deutschland;PREAT1;Preisarten;PRE-NETTO-02;Durchschnittspreise ohne Umsatzsteuer u.a. abz.St.;VBRST1;Strom-Jahresverbrauchsklassen Haushalte;HH-STR-DA;unter 1 000 KWh;0,4947;EUR/kWh;PRE060;Strompreise für Haushalte;e
61243;Durchschnittspreise für Strom und Gas;JAHR;Jahr;2020;HALBJA;Halbjahre;HALBJH2;2. Halbjahr;DINSG;Deutschland insgesamt;DG;Deutschland;PREAT1;Preisarten;PRE-BRUTTO;Durchschnittspreise inkl.Steuern, Abgaben, Umlagen;VBRST1;Strom-Jahresverbrauchsklassen Haushalte;HH-STR-DB;1 000 bis unter 2 500 KWh;0,3343;EUR/kWh;PRE060;Strompreise für Haushalte;e
61243;Durchschnittspreise für Strom und Gas;JAHR;Jahr;2022;HALBJA;Halbjahre;HALBJH2;2. Halbjahr;DINSG;Deutschland insgesamt;DG;Deutschland;PREAT1;Preisarten;PRE-NETTO-01;Durchschnittspreise ohne Steuern, Abgaben, Umlagen;VBRST1;Strom-Jahresverbrauchsklassen Haushalte;HH-STR-DD;5 000 bis unter 15 000 KWh;0,2092;EUR/kWh;PRE060;Strompreise für Haushalte;e
61243;Durchschnittspreise für Strom und Gas;JAHR;Jahr;2020;HALBJA;Halbjahre;HALBJH2;2. Halbjahr;DINSG;Deutschland insgesamt;DG;Deutschland;PREAT1;Preisarten;PRE-NETTO-01;Durchschnittspreise ohne Steuern, Abgaben, Umlagen;VBRST1;Strom-Jahresverbrauchsklassen Haushalte;HH-STR-DD;5 000 bis unter 15 000 KWh;0,1289;EUR/kWh;PRE060;Strompreise für Haushalte;e
61243;Durchschnittspreise für Strom und Gas;JAHR;Jahr;2024;HALBJA;Halbjahre;HALBJH1;1. Halbjahr;DINSG;Deutschland insgesamt;DG;Deutschland;PREAT1;Preisarten;PRE-NETTO-02;Durchschnittspreise ohne Umsatzsteuer u.a. abz.St.;VBRST1;Strom-Jahresverbrauchsklassen Haushalte;HH-STR-DA;unter 1 000 KWh;0,4877;EUR/kWh;PRE060;Strompreise für Haushalte;e
61243;Durchschnittspreise für Strom und Gas;JAHR;Jahr;2022;HALBJA;Halbjahre;HALBJH1;1. Halbjahr;DINSG;Deutschland insgesamt;DG;Deutschland;PREAT1;Preisarten;PRE-NETTO-02;Durchschnittspreise ohne Umsatzsteuer u.a. abz.St.;VBRST1;Strom-Jahresverbrauchsklassen Haushalte;;Insgesamt;0,2816;EUR/kWh;PRE060;Strompreise für Haushalte;e
61243;Durchschnittspreise für Strom und Gas;JAHR;Jahr;2020;HALBJA;Halbjahre;HALBJH1;1. Halbjahr;DINSG;Deutschland insgesamt;DG;Deutschland;PREAT1;Preisarten;PRE-NETTO-02;Durchschnittspreise ohne Umsatzsteuer u.a. abz.St.;VBRST1;Strom-Jahresverbrauchsklassen Haushalte;HH-STR-DA;unter 1 000 KWh;0,4001;EUR/kWh;PRE060;Strompreise für Haushalte;e
61243;Durchschnittspreise für Strom und Gas;JAHR;Jahr;2021;HALBJA;Halbjahre;HALBJH1;1. Halbjahr;DINSG;Deutschland insgesamt;DG;Deutschland;PREAT1;Preisarten;PRE-BRUTTO;Durchschnittspreise inkl.Steuern, Abgaben, Umlagen;VBRST1;Strom-Jahresverbrauchsklassen Haushalte;HH-STR-DB;1 000 bis unter 2 500 KWh;0,3527;EUR/kWh;PRE060;Strompreise für Haushalte;e
61243;Durchschnittspreise für Strom und Gas;JAHR;Jahr;2020;HALBJA;Halbjahre;HALBJH1;1. Halbjahr;DINSG;Deutschland insgesamt;DG;Deutschland;PREAT1;Preisarten;PRE-BRUTTO;Durchschnittspreise inkl.Steuern, Abgaben, Umlagen;VBRST1;Strom-Jahresverbrauchsklassen Haushalte;HH-STR-DC;2 500 bis unter 5 000 KWh;0,3043;EUR/kWh;PRE060;Strompreise für Haushalte;e
61243;Durchschnittspreise für Strom und Gas;JAHR;Jahr;2022;HALBJA;Halbjahre;HALBJH1;1. Halbjahr;DINSG;Deutschland insgesamt;DG;Deutschland;PREAT1;Preisarten;PRE-NETTO-02;Durchschnittspreise ohne Umsatzsteuer u.a. abz.St.;VBRST1;Strom-Jahresverbrauchsklassen Haushalte;HH-STR-DA;unter 1 000 KWh;0,4029;EUR/kWh;PRE060;Strompreise für Haushalte;e
61243;Durchschnittspreise für Strom und Gas;JAHR;Jahr;2019;HALBJA;Halbjahre;HALBJH2;2. Halbjahr;DINSG;Deutschland insgesamt;DG;Deutschland;PREAT1;Preisarten;PRE-BRUTTO;Durchschnittspreise inkl.Steuern, Abgaben, Umlagen;VBRST1;Strom-Jahresverbrauchsklassen Haushalte;HH-STR-DE;15 000 KWh und mehr;0,237;EUR/kWh;PRE060;Strompreise für Haushalte;e
61243;Durchschnittspreise für Strom und Gas;JAHR;Jahr;2022;HALBJA;Halbjahre;HALBJH1;1. Halbjahr;DINSG;Deutschland insgesamt;DG;Deutschland;PREAT1;Preisarten;PRE-BRUTTO;Durchschnittspreise inkl.Steuern, Abgaben, Umlagen;VBRST1;Strom-Jahresverbrauchsklassen Haushalte;HH-STR-DD;5 000 bis unter 15 000 KWh;0,2994;EUR/kWh;PRE060;Strompreise für Haushalte;e
61243;Durchschnittspreise für Strom und Gas;JAHR;Jahr;2023;HALBJA;Halbjahre;HALBJH1;1. Halbjahr;DINSG;Deutschland insgesamt;DG;Deutschland;PREAT1;Preisarten;PRE-NETTO-01;Durchschnittspreise ohne Steuern, Abgaben, Umlagen;VBRST1;Strom-Jahresverbrauchsklassen Haushalte;HH-STR-DD;5 000 bis unter 15 000 KWh;0,277;EUR/kWh;PRE060;Strompreise für Haushalte;e
61243;Durchschnittspreise für Strom und Gas;JAHR;Jahr;2021;HALBJA;Halbjahre;HALBJH1;1. Halbjahr;DINSG;Deutschland insgesamt;DG;Deutschland;PREAT1;Preisarten;PRE-BRUTTO;Durchschnittspreise inkl.Steuern, Abgaben, Umlagen;VBRST1;Strom-Jahresverbrauchsklassen Haushalte;;Insgesamt;0,3262;EUR/kWh;PRE060;Strompreise für Haushalte;e
61243;Durchschnittspreise für Strom und Gas;JAHR;Jahr;2019;HALBJA;Halbjahre;HALBJH1;1. Halbjahr;DINSG;Deutschland insgesamt;DG;Deutschland;PREAT1;Preisarten;PRE-NETTO-01;Durchschnittspreise ohne Steuern, Abgaben, Umlagen;VBRST1;Strom-Jahresverbrauchsklassen Haushalte;HH-STR-DE;15 000 KWh und mehr;-;EUR/kWh;PRE060;Strompreise für Haushalte;
61243;Durchschnittspreise für Strom und Gas;JAHR;Jahr;2019;HALBJA;Halbjahre;HALBJH2;2. Halbjahr;DINSG;Deutschland insgesamt;DG;Deutschland;PREAT1;Preisarten;PRE-NETTO-01;Durchschnittspreise ohne Steuern, Abgaben, Umlagen;VBRST1;Strom-Jahresverbrauchsklassen Haushalte;;Insgesamt;0,1421;EUR/kWh;PRE060;Strompreise für Haushalte;e
61243;Durchschnittspreise für Strom und Gas;JAHR;Jahr;2023;HALBJA;Halbjahre;HALBJH2;2. Halbjahr;DINSG;Deutschland insgesamt;DG;Deutschland;PREAT1;Preisarten;PRE-NETTO-01;Durchschnittspreise ohne Steuern, Abgaben, Umlagen;VBRST1;Strom-Jahresverbrauchsklassen Haushalte;HH-STR-DC;2 500 bis unter 5 000 KWh;0,2882;EUR/kWh;PRE060;Strompreise für Haushalte;e
61243;Durchschnittspreise für Strom und Gas;JAHR;Jahr;2023;HALBJA;Halbjahre;HALBJH2;2. Halbjahr;DINSG;Deutschland insgesamt;DG;Deutschland;PREAT1;Preisarten;PRE-BRUTTO;Durchschnittspreise inkl.Steuern, Abgaben, Umlagen;VBRST1;Strom-Jahresverbrauchsklassen Haushalte;;Insgesamt;0,4175;EUR/kWh;PRE060;Strompreise für Haushalte;e
61243;Durchschnittspreise für Strom und Gas;JAHR;Jahr;2024;HALBJA;Halbjahre;HALBJH2;2. Halbjahr;DINSG;Deutschland insgesamt;DG;Deutschland;PREAT1;Preisarten;PRE-NETTO-01;Durchschnittspreise ohne Steuern, Abgaben, Umlagen;VBRST1;Strom-Jahresverbrauchsklassen Haushalte;HH-STR-DE;15 000 KWh und mehr;0,2343;EUR/kWh;PRE060;Strompreise für Haushalte;e
61243;Durchschnittspreise für Strom und Gas;JAHR;Jahr;2021;HALBJA;Halbjahre;HALBJH2;2. Halbjahr;DINSG;Deutschland insgesamt;DG;Deutschland;PREAT1;Preisarten;PRE-NETTO-02;Durchschnittspreise ohne Umsatzsteuer u.a. abz.St.;VBRST1;Strom-Jahresverbrauchsklassen Haushalte;HH-STR-DB;1 000 bis unter 2 500 KWh;0,3015;EUR/kWh;PRE060;Strompreise für Haushalte;e
61243;Durchschnittspreise für Strom und Gas;JAHR;Jahr;2019;HALBJA;Halbjahre;HALBJH1;1. Halbjahr;DINSG;Deutschland insgesamt;DG;Deutschland;PREAT1;Preisarten;PRE-NETTO-01;Durchschnittspreise ohne Steuern, Abgaben, Umlagen;VBRST1;Strom-Jahresverbrauchsklassen Haushalte;;Insgesamt;-;EUR/kWh;PRE060;Strompreise für Haushalte;
61243;Durchschnittspreise für Strom und Gas;JAHR;Jahr;2022;HALBJA;Halbjahre;HALBJH1;1. Halbjahr;DINSG;Deutschland insgesamt;DG;Deutschland;PREAT1;Preisarten;PRE-NETTO-01;Durchschnittspreise ohne Steuern, Abgaben, Umlagen;VBRST1;Strom-Jahresverbrauchsklassen Haushalte;;Insgesamt;0,1963;EUR/kWh;PRE060;Strompreise für Haushalte;e
61243;Durchschnittspreise für Strom und Gas;JAHR;Jahr;2021;HALBJA;Halbjahre;HALBJH1;1. Halbjahr;DINSG;Deutschland insgesamt;DG;Deutschland;PREAT1;Preisarten;PRE-NETTO-01;Durchschnittspreise ohne Steuern, Abgaben, Umlagen;VBRST1;Strom-Jahresverbrauchsklassen Haushalte;HH-STR-DD;5 000 bis unter 15 000 KWh;0,1357;EUR/kWh;PRE060;Strompreise für Haushalte;e
61243;Durchschnittspreise für Strom und Gas;JAHR;Jahr;2020;HALBJA;Halbjahre;HALBJH2;2. Halbjahr;DINSG;Deutschland insgesamt;DG;Deutschland;PREAT1;Preisarten;PRE-BRUTTO;Durchschnittspreise inkl.Steuern, Abgaben, Umlagen;VBRST1;Strom-Jahresverbrauchsklassen Haushalte;HH-STR-DE;15 000 KWh und mehr;0,2523;EUR/kWh;PRE060;Strompreise für Haushalte;e
61243;Durchschnittspreise für Strom und Gas;JAHR;Jahr;2023;HALBJA;Halbjahre;HALBJH1;1. Halbjahr;DINSG;Deutschland insgesamt;DG;Deutschland;PREAT1;Preisarten;PRE-BRUTTO;Durchschnittspreise inkl.Steuern, Abgaben, Umlagen;VBRST1;Strom-Jahresverbrauchsklassen Haushalte;;Insgesamt;0,4229;EUR/kWh;PRE060;Strompreise für Haushalte;e
61243;Durchschnittspreise für Strom und Gas;JAHR;Jahr;2024;HALBJA;Halbjahre;HALBJH2;2. Halbjahr;DINSG;Deutschland insgesamt;DG;Deutschland;PREAT1;Preisarten;PRE-BRUTTO;Durchschnittspreise inkl.Steuern, Abgaben, Umlagen;VBRST1;Strom-Jahresverbrauchsklassen Haushalte;HH-STR-DA;unter 1 000 KWh;0,5887;EUR/kWh;PRE060;Strompreise für Haushalte;e
61243;Durchschnittspreise für Strom und Gas;JAHR;Jahr;2019;HALBJA;Halbjahre;HALBJH2;2. Halbjahr;DINSG;Deutschland insgesamt;DG;Deutschland;PREAT1;Preisarten;PRE-NETTO-01;Durchschnittspreise ohne Steuern, Abgaben, Umlagen;VBRST1;Strom-Jahresverbrauchsklassen Haushalte;HH-STR-DC;2 500 bis unter 5 000 KWh;0,1321;EUR/kWh;PRE060;Strompreise für Haushalte;e
61243;Durchschnittspreise für Strom und Gas;JAHR;Jahr;2024;HALBJA;Halbjahre;HALBJH2;2. Halbjahr;DINSG;Deutschland insgesamt;DG;Deutschland;PREAT1;Preisarten;PRE-NETTO-02;Durchschnittspreise ohne Umsatzsteuer u.a. abz.St.;VBRST1;Strom-Jahresverbrauchsklassen Haushalte;HH-STR-DB;1 000 bis unter 2 500 KWh;0,3726;EUR/kWh;PRE060;Strompreise für Haushalte;e
61243;Durchschnittspreise für Strom und Gas;JAHR;Jahr;2022;HALBJA;Halbjahre;HALBJH2;2. Halbjahr;DINSG;Deutschland insgesamt;DG;Deutschland;PREAT1;Preisarten;PRE-BRUTTO;Durchschnittspreise inkl.Steuern, Abgaben, Umlagen;VBRST1;Strom-Jahresverbrauchsklassen Haushalte;HH-STR-DC;2 500 bis unter 5 000 KWh;0,3357;EUR/kWh;PRE060;Strompreise für Haushalte;e
61243;Durchschnittspreise für Strom und Gas;JAHR;Jahr;2021;HALBJA;Halbjahre;HALBJH2;2. Halbjahr;DINSG;Deutschland insgesamt;DG;Deutschland;PREAT1;Preisarten;PRE-BRUTTO;Durchschnittspreise inkl.Steuern, Abgaben, Umlagen;VBRST1;Strom-Jahresverbrauchsklassen Haushalte;HH-STR-DB;1 000 bis unter 2 500 KWh;0,3588;EUR/kWh;PRE060;Strompreise für Haushalte;e
61243;Durchschnittspreise für Strom und Gas;JAHR;Jahr;2021;HALBJA;Halbjahre;HALBJH2;2. Halbjahr;DINSG;Deutschland insgesamt;DG;Deutschland;PREAT1;Preisarten;PRE-NETTO-01;Durchschnittspreise ohne Steuern, Abgaben, Umlagen;VBRST1;Strom-Jahresverbrauchsklassen Haushalte;HH-STR-DC;2 500 bis unter 5 000 KWh;0,1596;EUR/kWh;PRE060;Strompreise für Haushalte;e
61243;Durchschnittspreise für Strom und Gas;JAHR;Jahr;2022;HALBJA;Halbjahre;HALBJH2;2. Halbjahr;DINSG;Deutschland insgesamt;DG;Deutschland;PREAT1;Preisarten;PRE-NETTO-01;Durchschnittspreise ohne Steuern, Abgaben, Umlagen;VBRST1;Strom-Jahresverbrauchsklassen Haushalte;HH-STR-DC;2 500 bis unter 5 000 KWh;0,2333;EUR/kWh;PRE060;Strompreise für Haushalte;e
61243;Durchschnittspreise für Strom und Gas;JAHR;Jahr;2024;HALBJA;Halbjahre;HALBJH1;1. Halbjahr;DINSG;Deutschland insgesamt;DG;Deutschland;PREAT1;Preisarten;PRE-NETTO-02;Durchschnittspreise ohne Umsatzsteuer u.a. abz.St.;VBRST1;Strom-Jahresverbrauchsklassen Haushalte;HH-STR-DB;1 000 bis unter 2 500 KWh;0,3717;EUR/kWh;PRE060;Strompreise für Haushalte;e
61243;Durchschnittspreise für Strom und Gas;JAHR;Jahr;2021;HALBJA;Halbjahre;HALBJH1;1. Halbjahr;DINSG;Deutschland insgesamt;DG;Deutschland;PREAT1;Preisarten;PRE-BRUTTO;Durchschnittspreise inkl.Steuern, Abgaben, Umlagen;VBRST1;Strom-Jahresverbrauchsklassen Haushalte;HH-STR-DA;unter 1 000 KWh;0,4606;EUR/kWh;PRE060;Strompreise für Haushalte;e
61243;Durchschnittspreise für Strom und Gas;JAHR;Jahr;2021;HALBJA;Halbjahre;HALBJH1;1. Halbjahr;DINSG;Deutschland insgesamt;DG;Deutschland;PREAT1;Preisarten;PRE-NETTO-02;Durchschnittspreise ohne Umsatzsteuer u.a. abz.St.;VBRST1;Strom-Jahresverbrauchsklassen Haushalte;HH-STR-DB;1 000 bis unter 2 500 KWh;0,2964;EUR/kWh;PRE060;Strompreise für Haushalte;e
61243;Durchschnittspreise für Strom und Gas;JAHR;Jahr;2020;HALBJA;Halbjahre;HALBJH1;1. Halbjahr;DINSG;Deutschland insgesamt;DG;Deutschland;PREAT1;Preisarten;PRE-NETTO-02;Durchschnittspreise ohne Umsatzsteuer u.a. abz.St.;VBRST1;Strom-Jahresverbrauchsklassen Haushalte;HH-STR-DB;1 000 bis unter 2 500 KWh;0,289;EUR/kWh;PRE060;Strompreise für Haushalte;e
61243;Durchschnittspreise für Strom und Gas;JAHR;Jahr;2024;HALBJA;Halbjahre;HALBJH1;1. Halbjahr;DINSG;Deutschland insgesamt;DG;Deutschland;PREAT1;Preisarten;PRE-BRUTTO;Durchschnittspreise inkl.Steuern, Abgaben, Umlagen;VBRST1;Strom-Jahresverbrauchsklassen Haushalte;HH-STR-DE;15 000 KWh und mehr;0,3453;EUR/kWh;PRE060;Strompreise für Haushalte;e
61243;Durchschnittspreise für Strom und Gas;JAHR;Jahr;2023;HALBJA;Halbjahre;HALBJH1;1. Halbjahr;DINSG;Deutschland insgesamt;DG;Deutschland;PREAT1;Preisarten;PRE-BRUTTO;Durchschnittspreise inkl.Steuern, Abgaben, Umlagen;VBRST1;Strom-Jahresverbrauchsklassen Haushalte;HH-STR-DD;5 000 bis unter 15 000 KWh;0,385;EUR/kWh;PRE060;Strompreise für Haushalte;e
61243;Durchschnittspreise für Strom und Gas;JAHR;Jahr;2024;HALBJA;Halbjahre;HALBJH2;2. Halbjahr;DINSG;Deutschland insgesamt;DG;Deutschland;PREAT1;Preisarten;PRE-BRUTTO;Durchschnittspreise inkl.Steuern, Abgaben, Umlagen;VBRST1;Strom-Jahresverbrauchsklassen Haushalte;;Insgesamt;0,412;EUR/kWh;PRE060;Strompreise für Haushalte;e
61243;Durchschnittspreise für Strom und Gas;JAHR;Jahr;2019;HALBJA;Halbjahre;HALBJH2;2. Halbjahr;DINSG;Deutschland insgesamt;DG;Deutschland;PREAT1;Preisarten;PRE-BRUTTO;Durchschnittspreise inkl.Steuern, Abgaben, Umlagen;VBRST1;Strom-Jahresverbrauchsklassen Haushalte;HH-STR-DB;1 000 bis unter 2 500 KWh;0,3244;EUR/kWh;PRE060;Strompreise für Haushalte;e
61243;Durchschnittspreise für Strom und Gas;JAHR;Jahr;2023;HALBJA;Halbjahre;HALBJH1;1. Halbjahr;DINSG;Deutschland insgesamt;DG;Deutschland;PREAT1;Preisarten;PRE-NETTO-01;Durchschnittspreise ohne Steuern, Abgaben, Umlagen;VBRST1;Strom-Jahresverbrauchsklassen Haushalte;HH-STR-DC;2 500 bis unter 5 000 KWh;0,2973;EUR/kWh;PRE060;Strompreise für Haushalte;e
61243;Durchschnittspreise für Strom und Gas;JAHR;Jahr;2019;HALBJA;Halbjahre;HALBJH1;1. Halbjahr;DINSG;Deutschland insgesamt;DG;Deutschland;PREAT1;Preisarten;PRE-NETTO-01;Durchschnittspreise ohne Steuern, Abgaben, Umlagen;VBRST1;Strom-Jahresverbrauchsklassen Haushalte;HH-STR-DB;1 000 bis unter 2 500 KWh;-;EUR/kWh;PRE060;Strompreise für Haushalte;
61243;Durchschnittspreise für Strom und Gas;JAHR;Jahr;2023;HALBJA;Halbjahre;HALBJH2;2. Halbjahr;DINSG;Deutschland insgesamt;DG;Deutschland;PREAT1;Preisarten;PRE-NETTO-01;Durchschnittspreise ohne Steuern, Abgaben, Umlagen;VBRST1;Strom-Jahresverbrauchsklassen Haushalte;HH-STR-DB;1 000 bis unter 2 500 KWh;0,3234;EUR/kWh;PRE060;Strompreise für Haushalte;e
61243;Durchschnittspreise für Strom und Gas;JAHR;Jahr;2020;HALBJA;Halbjahre;HALBJH2;2. Halbjahr;DINSG;Deutschland insgesamt;DG;Deutschland;PREAT1;Preisarten;PRE-NETTO-02;Durchschnittspreise ohne Umsatzsteuer u.a. abz.St.;VBRST1;Strom-Jahresverbrauchsklassen Haushalte;HH-STR-DC;2 500 bis unter 5 000 KWh;0,2591;EUR/kWh;PRE060;Strompreise für Haushalte;e
61243;Durchschnittspreise für Strom und Gas;JAHR;Jahr;2022;HALBJA;Halbjahre;HALBJH1;1. Halbjahr;DINSG;Deutschland insgesamt;DG;Deutschland;PREAT1;Preisarten;PRE-NETTO-01;Durchschnittspreise ohne Steuern, Abgaben, Umlagen;VBRST1;Strom-Jahresverbrauchsklassen Haushalte;HH-STR-DC;2 500 bis unter 5 000 KWh;0,1899;EUR/kWh;PRE060;Strompreise für Haushalte;e
61243;Durchschnittspreise für Strom und Gas;JAHR;Jahr;2023;HALBJA;Halbjahre;HALBJH1;1. Halbjahr;DINSG;Deutschland insgesamt;DG;Deutschland;PREAT1;Preisarten;PRE-NETTO-01;Durchschnittspreise ohne Steuern, Abgaben, Umlagen;VBRST1;Strom-Jahresverbrauchsklassen Haushalte;;Insgesamt;0,3066;EUR/kWh;PRE060;Strompreise für Haushalte;e
61243;Durchschnittspreise für Strom und Gas;JAHR;Jahr;2020;HALBJA;Halbjahre;HALBJH2;2. Halbjahr;DINSG;Deutschland insgesamt;DG;Deutschland;PREAT1;Preisarten;PRE-BRUTTO;Durchschnittspreise inkl.Steuern, Abgaben, Umlagen;VBRST1;Strom-Jahresverbrauchsklassen Haushalte;HH-STR-DD;5 000 bis unter 15 000 KWh;0,28;EUR/kWh;PRE060;Strompreise für Haushalte;e
61243;Durchschnittspreise für Strom und Gas;JAHR;Jahr;2020;HALBJA;Halbjahre;HALBJH2;2. Halbjahr;DINSG;Deutschland insgesamt;DG;Deutschland;PREAT1;Preisarten;PRE-NETTO-01;Durchschnittspreise ohne Steuern, Abgaben, Umlagen;VBRST1;Strom-Jahresverbrauchsklassen Haushalte;;Insgesamt;0,1545;EUR/kWh;PRE060;Strompreise für Haushalte;e
61243;Durchschnittspreise für Strom und Gas;JAHR;Jahr;2023;HALBJA;Halbjahre;HALBJH1;1. Halbjahr;DINSG;Deutschland insgesamt;DG;Deutschland;PREAT1;Preisarten;PRE-NETTO-02;Durchschnittspreise ohne Umsatzsteuer u.a. abz.St.;VBRST1;Strom-Jahresverbrauchsklassen Haushalte;HH-STR-DE;15 000 KWh und mehr;0,2928;EUR/kWh;PRE060;Strompreise für Haushalte;e
61243;Durchschnittspreise für Strom und Gas;JAHR;Jahr;2024;HALBJA;Halbjahre;HALBJH1;1. Halbjahr;DINSG;Deutschland insgesamt;DG;Deutschland;PREAT1;Preisarten;PRE-NETTO-02;Durchschnittspreise ohne Umsatzsteuer u.a. abz.St.;VBRST1;Strom-Jahresverbrauchsklassen Haushalte;HH-STR-DC;2 500 bis unter 5 000 KWh;0,332;EUR/kWh;PRE060;Strompreise für Haushalte;e
61243;Durchschnittspreise für Strom und Gas;JAHR;Jahr;2024;HALBJA;Halbjahre;HALBJH2;2. Halbjahr;DINSG;Deutschland insgesamt;DG;Deutschland;PREAT1;Preisarten;PRE-NETTO-02;Durchschnittspreise ohne Umsatzsteuer u.a. abz.St.;VBRST1;Strom-Jahresverbrauchsklassen Haushalte;HH-STR-DC;2 500 bis unter 5 000 KWh;0,3314;EUR/kWh;PRE060;Strompreise für Haushalte;e
61243;Durchschnittspreise für Strom und Gas;JAHR;Jahr;2019;HALBJA;Halbjahre;HALBJH2;2. Halbjahr;DINSG;Deutschland insgesamt;DG;Deutschland;PREAT1;Preisarten;PRE-NETTO-01;Durchschnittspreise ohne Steuern, Abgaben, Umlagen;VBRST1;Strom-Jahresverbrauchsklassen Haushalte;HH-STR-DB;1 000 bis unter 2 500 KWh;0,1621;EUR/kWh;PRE060;Strompreise für Haushalte;e
61243;Durchschnittspreise für Strom und Gas;JAHR;Jahr;2021;HALBJA;Halbjahre;HALBJH2;2. Halbjahr;DINSG;Deutschland insgesamt;DG;Deutschland;PREAT1;Preisarten;PRE-BRUTTO;Durchschnittspreise inkl.Steuern, Abgaben, Umlagen;VBRST1;Strom-Jahresverbrauchsklassen Haushalte;HH-STR-DC;2 500 bis unter 5 000 KWh;0,3234;EUR/kWh;PRE060;Strompreise für Haushalte;e
61243;Durchschnittspreise für Strom und Gas;JAHR;Jahr;2022;HALBJA;Halbjahre;HALBJH2;2. Halbjahr;DINSG;Deutschland insgesamt;DG;Deutschland;PREAT1;Preisarten;PRE-BRUTTO;Durchschnittspreise inkl.Steuern, Abgaben, Umlagen;VBRST1;Strom-Jahresverbrauchsklassen Haushalte;HH-STR-DB;1 000 bis unter 2 500 KWh;0,3738;EUR/kWh;PRE060;Strompreise für Haushalte;e
61243;Durchschnittspreise für Strom und Gas;JAHR;Jahr;2023;HALBJA;Halbjahre;HALBJH2;2. Halbjahr;DINSG;Deutschland insgesamt;DG;Deutschland;PREAT1;Preisarten;PRE-BRUTTO;Durchschnittspreise inkl.Steuern, Abgaben, Umlagen;VBRST1;Strom-Jahresverbrauchsklassen Haushalte;HH-STR-DA;unter 1 000 KWh;0,5779;EUR/kWh;PRE060;Strompreise für Haushalte;e
61243;Durchschnittspreise für Strom und Gas;JAHR;Jahr;2023;HALBJA;Halbjahre;HALBJH2;2. Halbjahr;DINSG;Deutschland insgesamt;DG;Deutschland;PREAT1;Preisarten;PRE-NETTO-02;Durchschnittspreise ohne Umsatzsteuer u.a. abz.St.;VBRST1;Strom-Jahresverbrauchsklassen Haushalte;HH-STR-DE;15 000 KWh und mehr;0,288;EUR/kWh;PRE060;Strompreise für Haushalte;e
61243;Durchschnittspreise für Strom und Gas;JAHR;Jahr;2021;HALBJA;Halbjahre;HALBJH2;2. Halbjahr;DINSG;Deutschland insgesamt;DG;Deutschland;PREAT1;Preisarten;PRE-NETTO-01;Durchschnittspreise ohne Steuern, Abgaben, Umlagen;VBRST1;Strom-Jahresverbrauchsklassen Haushalte;HH-STR-DD;5 000 bis unter 15 000 KWh;0,1377;EUR/kWh;PRE060;Strompreise für Haushalte;e
61243;Durchschnittspreise für Strom und Gas;JAHR;Jahr;2022;HALBJA;Halbjahre;HALBJH2;2. Halbjahr;DINSG;Deutschland insgesamt;DG;Deutschland;PREAT1;Preisarten;PRE-NETTO-01;Durchschnittspreise ohne Steuern, Abgaben, Umlagen;VBRST1;Strom-Jahresverbrauchsklassen Haushalte;HH-STR-DB;1 000 bis unter 2 500 KWh;0,2637;EUR/kWh;PRE060;Strompreise für Haushalte;e
61243;Durchschnittspreise für Strom und Gas;JAHR;Jahr;2020;HALBJA;Halbjahre;HALBJH1;1. Halbjahr;DINSG;Deutschland insgesamt;DG;Deutschland;PREAT1;Preisarten;PRE-NETTO-02;Durchschnittspreise ohne Umsatzsteuer u.a. abz.St.;VBRST1;Strom-Jahresverbrauchsklassen Haushalte;;Insgesamt;0,2692;EUR/kWh;PRE060;Strompreise für Haushalte;e
61243;Durchschnittspreise für Strom und Gas;JAHR;Jahr;2020;HALBJA;Halbjahre;HALBJH1;1. Halbjahr;DINSG;Deutschland insgesamt;DG;Deutschland;PREAT1;Preisarten;PRE-BRUTTO;Durchschnittspreise inkl.Steuern, Abgaben, Umlagen;VBRST1;Strom-Jahresverbrauchsklassen Haushalte;HH-STR-DA;unter 1 000 KWh;0,4752;EUR/kWh;PRE060;Strompreise für Haushalte;e
61243;Durchschnittspreise für Strom und Gas;JAHR;Jahr;2020;HALBJA;Halbjahre;HALBJH1;1. Halbjahr;DINSG;Deutschland insgesamt;DG;Deutschland;PREAT1;Preisarten;PRE-NETTO-02;Durchschnittspreise ohne Umsatzsteuer u.a. abz.St.;VBRST1;Strom-Jahresverbrauchsklassen Haushalte;HH-STR-DC;2 500 bis unter 5 000 KWh;0,2564;EUR/kWh;PRE060;Strompreise für Haushalte;e
61243;Durchschnittspreise für Strom und Gas;JAHR;Jahr;2021;HALBJA;Halbjahre;HALBJH1;1. Halbjahr;DINSG;Deutschland insgesamt;DG;Deutschland;PREAT1;Preisarten;PRE-NETTO-02;Durchschnittspreise ohne Umsatzsteuer u.a. abz.St.;VBRST1;Strom-Jahresverbrauchsklassen Haushalte;HH-STR-DA;unter 1 000 KWh;0,387;EUR/kWh;PRE060;Strompreise für Haushalte;e
61243;Durchschnittspreise für Strom und Gas;JAHR;Jahr;2024;HALBJA;Halbjahre;HALBJH1;1. Halbjahr;DINSG;Deutschland insgesamt;DG;Deutschland;PREAT1;Preisarten;PRE-BRUTTO;Durchschnittspreise inkl.Steuern, Abgaben, Umlagen;VBRST1;Strom-Jahresverbrauchsklassen Haushalte;HH-STR-DD;5 000 bis unter 15 000 KWh;0,3611;EUR/kWh;PRE060;Strompreise für Haushalte;e
61243;Durchschnittspreise für Strom und Gas;JAHR;Jahr;2023;HALBJA;Halbjahre;HALBJH1;1. Halbjahr;DINSG;Deutschland insgesamt;DG;Deutschland;PREAT1;Preisarten;PRE-BRUTTO;Durchschnittspreise inkl.Steuern, Abgaben, Umlagen;VBRST1;Strom-Jahresverbrauchsklassen Haushalte;HH-STR-DE;15 000 KWh und mehr;0,3484;EUR/kWh;PRE060;Strompreise für Haushalte;e
61243;Durchschnittspreise für Strom und Gas;JAHR;Jahr;2022;HALBJA;Halbjahre;HALBJH1;1. Halbjahr;DINSG;Deutschland insgesamt;DG;Deutschland;PREAT1;Preisarten;PRE-NETTO-01;Durchschnittspreise ohne Steuern, Abgaben, Umlagen;VBRST1;Strom-Jahresverbrauchsklassen Haushalte;HH-STR-DD;5 000 bis unter 15 000 KWh;0,1682;EUR/kWh;PRE060;Strompreise für Haushalte;e
61243;Durchschnittspreise für Strom und Gas;JAHR;Jahr;2019;HALBJA;Halbjahre;HALBJH2;2. Halbjahr;DINSG;Deutschland insgesamt;DG;Deutschland;PREAT1;Preisarten;PRE-BRUTTO;Durchschnittspreise inkl.Steuern, Abgaben, Umlagen;VBRST1;Strom-Jahresverbrauchsklassen Haushalte;HH-STR-DC;2 500 bis unter 5 000 KWh;0,2878;EUR/kWh;PRE060;Strompreise für Haushalte;e
61243;Durchschnittspreise für Strom und Gas;JAHR;Jahr;2019;HALBJA;Halbjahre;HALBJH1;1. Halbjahr;DINSG;Deutschland insgesamt;DG;Deutschland;PREAT1;Preisarten;PRE-NETTO-01;Durchschnittspreise ohne Steuern, Abgaben, Umlagen;VBRST1;Strom-Jahresverbrauchsklassen Haushalte;HH-STR-DC;2 500 bis unter 5 000 KWh;-;EUR/kWh;PRE060;Strompreise für Haushalte;
61243;Durchschnittspreise für Strom und Gas;JAHR;Jahr;2019;HALBJA;Halbjahre;HALBJH2;2. Halbjahr;DINSG;Deutschland insgesamt;DG;Deutschland;PREAT1;Preisarten;PRE-NETTO-02;Durchschnittspreise ohne Umsatzsteuer u.a. abz.St.;VBRST1;Strom-Jahresverbrauchsklassen Haushalte;HH-STR-DE;15 000 KWh und mehr;0,1992;EUR/kWh;PRE060;Strompreise für Haushalte;e
61243;Durchschnittspreise für Strom und Gas;JAHR;Jahr;2023;HALBJA;Halbjahre;HALBJH2;2. Halbjahr;DINSG;Deutschland insgesamt;DG;Deutschland;PREAT1;Preisarten;PRE-NETTO-01;Durchschnittspreise ohne Steuern, Abgaben, Umlagen;VBRST1;Strom-Jahresverbrauchsklassen Haushalte;HH-STR-DA;unter 1 000 KWh;0,4335;EUR/kWh;PRE060;Strompreise für Haushalte;e
61243;Durchschnittspreise für Strom und Gas;JAHR;Jahr;2024;HALBJA;Halbjahre;HALBJH1;1. Halbjahr;DINSG;Deutschland insgesamt;DG;Deutschland;PREAT1;Preisarten;PRE-BRUTTO;Durchschnittspreise inkl.Steuern, Abgaben, Umlagen;VBRST1;Strom-Jahresverbrauchsklassen Haushalte;;Insgesamt;0,4102;EUR/kWh;PRE060;Strompreise für Haushalte;e
61243;Durchschnittspreise für Strom und Gas;JAHR;Jahr;2020;HALBJA;Halbjahre;HALBJH2;2. Halbjahr;DINSG;Deutschland insgesamt;DG;Deutschland;PREAT1;Preisarten;PRE-NETTO-02;Durchschnittspreise ohne Umsatzsteuer u.a. abz.St.;VBRST1;Strom-Jahresverbrauchsklassen Haushalte;HH-STR-DB;1 000 bis unter 2 500 KWh;0,2881;EUR/kWh;PRE060;Strompreise für Haushalte;e
61243;Durchschnittspreise für Strom und Gas;JAHR;Jahr;2023;HALBJA;Halbjahre;HALBJH1;1. Halbjahr;DINSG;Deutschland insgesamt;DG;Deutschland;PREAT1;Preisarten;PRE-NETTO-01;Durchschnittspreise ohne Steuern, Abgaben, Umlagen;VBRST1;Strom-Jahresverbrauchsklassen Haushalte;HH-STR-DB;1 000 bis unter 2 500 KWh;0,3302;EUR/kWh;PRE060;Strompreise für Haushalte;e
61243;Durchschnittspreise für Strom und Gas;JAHR;Jahr;2024;HALBJA;Halbjahre;HALBJH1;1. Halbjahr;DINSG;Deutschland insgesamt;DG;Deutschland;PREAT1;Preisarten;PRE-NETTO-01;Durchschnittspreise ohne Steuern, Abgaben, Umlagen;VBRST1;Strom-Jahresverbrauchsklassen Haushalte;;Insgesamt;0,2935;EUR/kWh;PRE060;Strompreise für Haushalte;e
