Jahr,Typ,Elektrizitätserzeugung (brutto),Elektrizitätserzeugung (netto)
2002,"Abfall (Hausmüll, Industrie)",3897803.0,2926818.0
2002,"Abfall (Hausmüll, Siedlungsabfälle)",0.0,0.0
2002,Abfall (Industrie),0.0,0.0
2002,Andere Speicher,0.0,0.0
2002,Biogas,32394.0,30547.0
2002,Biomethan (Bioerdgas),0.0,0.0
2002,Braunkohlenbriketts,48263.0,41935.0
2002,Braunkohlenkoks,0.0,0.0
2002,Deponiegas,115407.0,110551.0
2002,Dieselkraftstoff,6749.0,6381.0
2002,"Erdgas, Erdölgas",41728764.0,39982951.0
2002,Feste biogene Stoffe,219686.0,201651.0
2002,Flüssige biogene Stoffe,0.0,0.0
2002,Flüssiggas,169.0,159.0
2002,Geothermie,0.0,0.0
2002,Grubengas,239484.0,215765.0
2002,Hartbraunkohlen,2078120.0,1894333.0
2002,"Heizöl, leicht",564537.0,514137.0
2002,"Heizöl, schwer",664702.0,610149.0
2002,Hochofengas,3300300.0,3102993.0
2002,Insgesamt,517668790.0,484044339.0
2002,Kernenergie,164841974.0,156287021.0
2002,Klärgas,11982.0,11836.0
2002,Klärschlamm,57445.0,51438.0
2002,Kohlenwertstoffe aus Steinkohle,0.0,0.0
2002,Kokereigas,50066.0,44985.0
2002,Laufwasser,18216293.0,17987251.0
2002,Petrolkoks,234518.0,212180.0
2002,Photovoltaik,1876.0,1804.0
2002,Pumpspeicher mit natürlichem Zufluss,0.0,0.0
2002,Pumpspeicher ohne natürlichen Zufluss,0.0,0.0
2002,Pumpspeicherwasser,4016296.0,3933611.0
2002,Raffineriegas,0.0,0.0
2002,Rohbraunkohlen,152152294.0,140544281.0
2002,Solarthermie,0.0,0.0
2002,Sonstige Braunkohlen,119617.0,110305.0
2002,Sonstige Energieträger,27282.0,23853.0
2002,Sonstige Mineralölprodukte,682857.0,624212.0
2002,Sonstige Steinkohlen,0.0,0.0
2002,Sonstige erneuerbare Energien,265526.0,243469.0
2002,Sonstige hergestellte Gase,265669.0,244012.0
2002,Speicherwasser,2108425.0,2060394.0
2002,Staub- und Trockenkohle,493976.0,441932.0
2002,Steinkohlen,121062371.0,111426567.0
2002,Steinkohlenbriketts,0.0,0.0
2002,Steinkohlenkoks,0.0,0.0
2002,Strom (Elektrokessel),0.0,0.0
2002,Wasserstoff,0.0,0.0
2002,Windkraft,163940.0,156818.0
2002,Wirbelschichtkohle,0.0,0.0
2002,Wärme,0.0,0.0
2002,Wärmepumpen (Erd- und Umweltwärme),0.0,0.0
2003,"Abfall (Hausmüll, Industrie)",4321204.0,3182945.0
2003,"Abfall (Hausmüll, Siedlungsabfälle)",0.0,0.0
2003,Abfall (Industrie),0.0,0.0
2003,Andere Speicher,0.0,0.0
2003,Biogas,17556.0,16499.0
2003,Biomethan (Bioerdgas),0.0,0.0
2003,Braunkohlenbriketts,21585.0,19617.0
2003,Braunkohlenkoks,13342.0,11747.0
2003,Deponiegas,126330.0,118181.0
2003,Dieselkraftstoff,7233.0,7065.0
2003,"Erdgas, Erdölgas",46763517.0,44973718.0
2003,Feste biogene Stoffe,276398.0,255228.0
2003,Flüssige biogene Stoffe,0.0,0.0
2003,Flüssiggas,4.0,4.0
2003,Geothermie,0.0,0.0
2003,Grubengas,314029.0,286779.0
2003,Hartbraunkohlen,597060.0,531787.0
2003,"Heizöl, leicht",658409.0,602491.0
2003,"Heizöl, schwer",640899.0,588594.0
2003,Hochofengas,3726433.0,3516542.0
2003,Insgesamt,532921681.0,498149606.0
2003,Kernenergie,165059919.0,156455841.0
2003,Klärgas,18209.0,17599.0
2003,Klärschlamm,97957.0,87890.0
2003,Kohlenwertstoffe aus Steinkohle,0.0,0.0
2003,Kokereigas,54266.0,48905.0
2003,Laufwasser,14010916.0,13807008.0
2003,Petrolkoks,717060.0,655202.0
2003,Photovoltaik,2917.0,2790.0
2003,Pumpspeicher mit natürlichem Zufluss,0.0,0.0
2003,Pumpspeicher ohne natürlichen Zufluss,0.0,0.0
2003,Pumpspeicherwasser,5175917.0,5098549.0
2003,Raffineriegas,0.0,0.0
2003,Rohbraunkohlen,153603201.0,141725570.0
2003,Solarthermie,0.0,0.0
2003,Sonstige Braunkohlen,452593.0,393064.0
2003,Sonstige Energieträger,648210.0,586925.0
2003,Sonstige Mineralölprodukte,914299.0,837130.0
2003,Sonstige Steinkohlen,0.0,0.0
2003,Sonstige erneuerbare Energien,161041.0,146692.0
2003,Sonstige hergestellte Gase,275671.0,253348.0
2003,Speicherwasser,1484936.0,1456185.0
2003,Staub- und Trockenkohle,517742.0,467836.0
2003,Steinkohlen,132069577.0,121830623.0
2003,Steinkohlenbriketts,0.0,0.0
2003,Steinkohlenkoks,0.0,0.0
2003,Strom (Elektrokessel),0.0,0.0
2003,Wasserstoff,0.0,0.0
2003,Windkraft,173256.0,167254.0
2003,Wirbelschichtkohle,0.0,0.0
2003,Wärme,0.0,0.0
2003,Wärmepumpen (Erd- und Umweltwärme),0.0,0.0
2004,"Abfall (Hausmüll, Industrie)",4232556.0,3094261.0
2004,"Abfall (Hausmüll, Siedlungsabfälle)",0.0,0.0
2004,Abfall (Industrie),0.0,0.0
2004,Andere Speicher,0.0,0.0
2004,Biogas,19896.0,18696.0
2004,Biomethan (Bioerdgas),0.0,0.0
2004,Braunkohlenbriketts,32241.0,27374.0
2004,Braunkohlenkoks,0.0,0.0
2004,Deponiegas,184202.0,180303.0
2004,Dieselkraftstoff,7540.0,7321.0
2004,"Erdgas, Erdölgas",46545711.0,44881965.0
2004,Feste biogene Stoffe,740096.0,675774.0
2004,Flüssige biogene Stoffe,0.0,0.0
2004,Flüssiggas,497.0,482.0
2004,Geothermie,0.0,0.0
2004,Grubengas,341322.0,313046.0
2004,Hartbraunkohlen,1264.0,1176.0
2004,"Heizöl, leicht",524520.0,481344.0
2004,"Heizöl, schwer",468929.0,430681.0
2004,Hochofengas,3641624.0,3431558.0
2004,Insgesamt,533273159.0,498816964.0
2004,Kernenergie,167064610.0,158378456.0
2004,Klärgas,20957.0,20148.0
2004,Klärschlamm,158573.0,137523.0
2004,Kohlenwertstoffe aus Steinkohle,0.0,0.0
2004,Kokereigas,46373.0,41983.0
2004,Laufwasser,15704243.0,15495953.0
2004,Petrolkoks,1571373.0,1460389.0
2004,Photovoltaik,3111.0,3033.0
2004,Pumpspeicher mit natürlichem Zufluss,0.0,0.0
2004,Pumpspeicher ohne natürlichen Zufluss,0.0,0.0
2004,Pumpspeicherwasser,6364152.0,6273414.0
2004,Raffineriegas,0.0,0.0
2004,Rohbraunkohlen,154007907.0,142136151.0
2004,Solarthermie,0.0,0.0
2004,Sonstige Braunkohlen,502297.0,436979.0
2004,Sonstige Energieträger,541723.0,476303.0
2004,Sonstige Mineralölprodukte,1041871.0,954418.0
2004,Sonstige Steinkohlen,0.0,0.0
2004,Sonstige erneuerbare Energien,210215.0,193418.0
2004,Sonstige hergestellte Gase,268884.0,247225.0
2004,Speicherwasser,1689918.0,1661450.0
2004,Staub- und Trockenkohle,476618.0,428204.0
2004,Steinkohlen,126565312.0,116640379.0
2004,Steinkohlenbriketts,0.0,0.0
2004,Steinkohlenkoks,0.0,0.0
2004,Strom (Elektrokessel),0.0,0.0
2004,Wasserstoff,0.0,0.0
2004,Windkraft,294620.0,287558.0
2004,Wirbelschichtkohle,0.0,0.0
2004,Wärme,0.0,0.0
2004,Wärmepumpen (Erd- und Umweltwärme),0.0,0.0
2005,"Abfall (Hausmüll, Industrie)",6074878.0,4524205.0
2005,"Abfall (Hausmüll, Siedlungsabfälle)",0.0,0.0
2005,Abfall (Industrie),0.0,0.0
2005,Andere Speicher,0.0,0.0
2005,Biogas,18530.0,17191.0
2005,Biomethan (Bioerdgas),0.0,0.0
2005,Braunkohlenbriketts,49040.0,40265.0
2005,Braunkohlenkoks,0.0,0.0
2005,Deponiegas,207230.0,201636.0
2005,Dieselkraftstoff,10008.0,9631.0
2005,"Erdgas, Erdölgas",54148537.0,52310471.0
2005,Feste biogene Stoffe,1633905.0,1542493.0
2005,Flüssige biogene Stoffe,18940.0,17864.0
2005,Flüssiggas,1488.0,1409.0
2005,Geothermie,0.0,0.0
2005,Grubengas,412950.0,377588.0
2005,Hartbraunkohlen,0.0,0.0
2005,"Heizöl, leicht",839103.0,780815.0
2005,"Heizöl, schwer",533803.0,492848.0
2005,Hochofengas,2922480.0,2743325.0
2005,Insgesamt,532385571.0,497513512.0
2005,Kernenergie,163054689.0,154612295.0
2005,Klärgas,21770.0,20985.0
2005,Klärschlamm,171350.0,155546.0
2005,Kohlenwertstoffe aus Steinkohle,0.0,0.0
2005,Kokereigas,47386.0,42711.0
2005,Laufwasser,15283518.0,15019200.0
2005,Petrolkoks,2079635.0,1912373.0
2005,Photovoltaik,4854.0,4759.0
2005,Pumpspeicher mit natürlichem Zufluss,0.0,0.0
2005,Pumpspeicher ohne natürlichen Zufluss,0.0,0.0
2005,Pumpspeicherwasser,7429477.0,7308299.0
2005,Raffineriegas,0.0,0.0
2005,Rohbraunkohlen,150127463.0,138205072.0
2005,Solarthermie,0.0,0.0
2005,Sonstige Braunkohlen,196752.0,186717.0
2005,Sonstige Energieträger,512764.0,461587.0
2005,Sonstige Mineralölprodukte,1206490.0,1118141.0
2005,Sonstige Steinkohlen,0.0,0.0
2005,Sonstige erneuerbare Energien,544476.0,501970.0
2005,Sonstige hergestellte Gase,275682.0,253826.0
2005,Speicherwasser,636645.0,622527.0
2005,Staub- und Trockenkohle,545007.0,493265.0
2005,Steinkohlen,122759695.0,112973021.0
2005,Steinkohlenbriketts,0.0,0.0
2005,Steinkohlenkoks,0.0,0.0
2005,Strom (Elektrokessel),0.0,0.0
2005,Wasserstoff,0.0,0.0
2005,Windkraft,312331.0,308215.0
2005,Wirbelschichtkohle,304690.0,250766.0
2005,Wärme,0.0,0.0
2005,Wärmepumpen (Erd- und Umweltwärme),0.0,0.0
2006,"Abfall (Hausmüll, Industrie)",7267272.0,5523466.0
2006,"Abfall (Hausmüll, Siedlungsabfälle)",0.0,0.0
2006,Abfall (Industrie),0.0,0.0
2006,Andere Speicher,0.0,0.0
2006,Biogas,11915.0,10830.0
2006,Biomethan (Bioerdgas),0.0,0.0
2006,Braunkohlenbriketts,43568.0,37399.0
2006,Braunkohlenkoks,2571.0,1875.0
2006,Deponiegas,191656.0,183550.0
2006,Dieselkraftstoff,9602.0,9156.0
2006,"Erdgas, Erdölgas",56826925.0,54957743.0
2006,Feste biogene Stoffe,1863611.0,1726401.0
2006,Flüssige biogene Stoffe,38692.0,36419.0
2006,Flüssiggas,0.0,0.0
2006,Geothermie,0.0,0.0
2006,Grubengas,525560.0,488123.0
2006,Hartbraunkohlen,65284.0,54358.0
2006,"Heizöl, leicht",647099.0,588317.0
2006,"Heizöl, schwer",703001.0,648098.0
2006,Hochofengas,2845856.0,2661588.0
2006,Insgesamt,540181438.0,504927984.0
2006,Kernenergie,167269153.0,158710790.0
2006,Klärgas,25048.0,24228.0
2006,Klärschlamm,210541.0,191678.0
2006,Kohlenwertstoffe aus Steinkohle,0.0,0.0
2006,Kokereigas,31311.0,28802.0
2006,Laufwasser,15586139.0,15295978.0
2006,Petrolkoks,1344827.0,1247656.0
2006,Photovoltaik,5234.0,5189.0
2006,Pumpspeicher mit natürlichem Zufluss,0.0,0.0
2006,Pumpspeicher ohne natürlichen Zufluss,0.0,0.0
2006,Pumpspeicherwasser,7372996.0,7244618.0
2006,Raffineriegas,0.0,0.0
2006,Rohbraunkohlen,147047112.0,135087260.0
2006,Solarthermie,0.0,0.0
2006,Sonstige Braunkohlen,157652.0,148615.0
2006,Sonstige Energieträger,573247.0,541038.0
2006,Sonstige Mineralölprodukte,916993.0,840672.0
2006,Sonstige Steinkohlen,0.0,0.0
2006,Sonstige erneuerbare Energien,394702.0,364129.0
2006,Sonstige hergestellte Gase,233565.0,216877.0
2006,Speicherwasser,616553.0,607389.0
2006,Staub- und Trockenkohle,400481.0,347581.0
2006,Steinkohlen,126259053.0,116470180.0
2006,Steinkohlenbriketts,0.0,0.0
2006,Steinkohlenkoks,0.0,0.0
2006,Strom (Elektrokessel),0.0,0.0
2006,Wasserstoff,0.0,0.0
2006,Windkraft,341158.0,340179.0
2006,Wirbelschichtkohle,353068.0,287805.0
2006,Wärme,0.0,0.0
2006,Wärmepumpen (Erd- und Umweltwärme),0.0,0.0
2007,"Abfall (Hausmüll, Industrie)",8259888.0,6398662.0
2007,"Abfall (Hausmüll, Siedlungsabfälle)",0.0,0.0
2007,Abfall (Industrie),0.0,0.0
2007,Andere Speicher,0.0,0.0
2007,Biogas,43933.0,41389.0
2007,Biomethan (Bioerdgas),0.0,0.0
2007,Braunkohlenbriketts,56831.0,50551.0
2007,Braunkohlenkoks,2329.0,1716.0
2007,Deponiegas,177837.0,169709.0
2007,Dieselkraftstoff,7791.0,6792.0
2007,"Erdgas, Erdölgas",58072575.0,56256917.0
2007,Feste biogene Stoffe,2276371.0,2100075.0
2007,Flüssige biogene Stoffe,59912.0,57463.0
2007,Flüssiggas,0.0,0.0
2007,Geothermie,0.0,0.0
2007,Grubengas,542972.0,501313.0
2007,Hartbraunkohlen,73464.0,60274.0
2007,"Heizöl, leicht",540439.0,490084.0
2007,"Heizöl, schwer",588656.0,544146.0
2007,Hochofengas,2764861.0,2572847.0
2007,Insgesamt,522781496.0,488369371.0
2007,Kernenergie,140534043.0,133229498.0
2007,Klärgas,26271.0,25410.0
2007,Klärschlamm,149243.0,136933.0
2007,Kohlenwertstoffe aus Steinkohle,0.0,0.0
2007,Kokereigas,691978.0,646144.0
2007,Laufwasser,16162534.0,15823967.0
2007,Petrolkoks,254955.0,236987.0
2007,Photovoltaik,5543.0,5529.0
2007,Pumpspeicher mit natürlichem Zufluss,0.0,0.0
2007,Pumpspeicher ohne natürlichen Zufluss,0.0,0.0
2007,Pumpspeicherwasser,7554234.0,7439544.0
2007,Raffineriegas,0.0,0.0
2007,Rohbraunkohlen,150681563.0,138564709.0
2007,Solarthermie,0.0,0.0
2007,Sonstige Braunkohlen,173838.0,164761.0
2007,Sonstige Energieträger,526882.0,496684.0
2007,Sonstige Mineralölprodukte,1302347.0,1192742.0
2007,Sonstige Steinkohlen,0.0,0.0
2007,Sonstige erneuerbare Energien,22243.0,20829.0
2007,Sonstige hergestellte Gase,137528.0,126382.0
2007,Speicherwasser,711286.0,705429.0
2007,Staub- und Trockenkohle,504190.0,447221.0
2007,Steinkohlen,129095346.0,119131139.0
2007,Steinkohlenbriketts,0.0,0.0
2007,Steinkohlenkoks,0.0,0.0
2007,Strom (Elektrokessel),0.0,0.0
2007,Wasserstoff,0.0,0.0
2007,Windkraft,443151.0,442074.0
2007,Wirbelschichtkohle,336465.0,281454.0
2007,Wärme,0.0,0.0
2007,Wärmepumpen (Erd- und Umweltwärme),0.0,0.0
2008,"Abfall (Hausmüll, Industrie)",8978515.0,7049002.0
2008,"Abfall (Hausmüll, Siedlungsabfälle)",0.0,0.0
2008,Abfall (Industrie),0.0,0.0
2008,Andere Speicher,0.0,0.0
2008,Biogas,58692.0,56019.0
2008,Biomethan (Bioerdgas),0.0,0.0
2008,Braunkohlenbriketts,34217.0,29629.0
2008,Braunkohlenkoks,2106.0,1561.0
2008,Deponiegas,160309.0,153170.0
2008,Dieselkraftstoff,7500.0,6729.0
2008,"Erdgas, Erdölgas",68985671.0,66936720.0
2008,Feste biogene Stoffe,2876039.0,2635180.0
2008,Flüssige biogene Stoffe,53947.0,52248.0
2008,Flüssiggas,0.0,0.0
2008,Geothermie,17325.0,12078.0
2008,Grubengas,404855.0,387442.0
2008,Hartbraunkohlen,94346.0,78569.0
2008,"Heizöl, leicht",507289.0,462417.0
2008,"Heizöl, schwer",573306.0,529916.0
2008,Hochofengas,2453368.0,2280769.0
2008,Insgesamt,522778031.0,488581285.0
2008,Kernenergie,148495246.0,140710087.0
2008,Klärgas,29083.0,27483.0
2008,Klärschlamm,142462.0,130660.0
2008,Kohlenwertstoffe aus Steinkohle,0.0,0.0
2008,Kokereigas,552326.0,515282.0
2008,Laufwasser,15672889.0,15383158.0
2008,Petrolkoks,462020.0,426545.0
2008,Photovoltaik,7308.0,7308.0
2008,Pumpspeicher mit natürlichem Zufluss,0.0,0.0
2008,Pumpspeicher ohne natürlichen Zufluss,0.0,0.0
2008,Pumpspeicherwasser,6521038.0,6415568.0
2008,Raffineriegas,0.0,0.0
2008,Rohbraunkohlen,146440893.0,134498392.0
2008,Solarthermie,0.0,0.0
2008,Sonstige Braunkohlen,290574.0,274164.0
2008,Sonstige Energieträger,560685.0,526695.0
2008,Sonstige Mineralölprodukte,1322503.0,1211524.0
2008,Sonstige Steinkohlen,0.0,0.0
2008,Sonstige erneuerbare Energien,434.0,434.0
2008,Sonstige hergestellte Gase,24068.0,24068.0
2008,Speicherwasser,809694.0,802456.0
2008,Staub- und Trockenkohle,556092.0,501643.0
2008,Steinkohlen,114885390.0,105713574.0
2008,Steinkohlenbriketts,0.0,0.0
2008,Steinkohlenkoks,0.0,0.0
2008,Strom (Elektrokessel),0.0,0.0
2008,Wasserstoff,0.0,0.0
2008,Windkraft,462228.0,459919.0
2008,Wirbelschichtkohle,335614.0,280874.0
2008,Wärme,0.0,0.0
2008,Wärmepumpen (Erd- und Umweltwärme),0.0,0.0
2009,"Abfall (Hausmüll, Industrie)",9352547.0,7283342.0
2009,"Abfall (Hausmüll, Siedlungsabfälle)",8273079.0,6415342.0
2009,Abfall (Industrie),1079468.0,868000.0
2009,Andere Speicher,0.0,0.0
2009,Biogas,111151.0,106540.0
2009,Biomethan (Bioerdgas),0.0,0.0
2009,Braunkohlenbriketts,22067.0,19409.0
2009,Braunkohlenkoks,1914.0,1444.0
2009,Deponiegas,126843.0,114831.0
2009,Dieselkraftstoff,1682.0,1548.0
2009,"Erdgas, Erdölgas",59481233.0,57599006.0
2009,Feste biogene Stoffe,3195718.0,2898048.0
2009,Flüssige biogene Stoffe,61369.0,58201.0
2009,Flüssiggas,12.0,12.0
2009,Geothermie,13552.0,9482.0
2009,Grubengas,375202.0,369769.0
2009,Hartbraunkohlen,10247.0,8567.0
2009,"Heizöl, leicht",522040.0,474550.0
2009,"Heizöl, schwer",589552.0,538659.0
2009,Hochofengas,1347407.0,1241735.0
2009,Insgesamt,478640060.0,446467074.0
2009,Kernenergie,134932034.0,127690281.0
2009,Klärgas,32773.0,30189.0
2009,Klärschlamm,150162.0,136941.0
2009,Kohlenwertstoffe aus Steinkohle,0.0,0.0
2009,Kokereigas,411747.0,383720.0
2009,Laufwasser,14647871.0,14373719.0
2009,Petrolkoks,765742.0,705991.0
2009,Photovoltaik,20705.0,20705.0
2009,Pumpspeicher mit natürlichem Zufluss,0.0,0.0
2009,Pumpspeicher ohne natürlichen Zufluss,0.0,0.0
2009,Pumpspeicherwasser,6049476.0,5925454.0
2009,Raffineriegas,0.0,0.0
2009,Rohbraunkohlen,142458893.0,130991918.0
2009,Solarthermie,0.0,0.0
2009,Sonstige Braunkohlen,167124.0,157465.0
2009,Sonstige Energieträger,538782.0,507018.0
2009,Sonstige Mineralölprodukte,1617856.0,1477066.0
2009,Sonstige Steinkohlen,0.0,0.0
2009,Sonstige erneuerbare Energien,426.0,426.0
2009,Sonstige hergestellte Gase,26124.0,26124.0
2009,Speicherwasser,747247.0,740526.0
2009,Staub- und Trockenkohle,314561.0,275589.0
2009,Steinkohlen,99856804.0,91653533.0
2009,Steinkohlenbriketts,0.0,0.0
2009,Steinkohlenkoks,0.0,0.0
2009,Strom (Elektrokessel),0.0,0.0
2009,Wasserstoff,0.0,0.0
2009,Windkraft,449582.0,448287.0
2009,Wirbelschichtkohle,239618.0,196987.0
2009,Wärme,0.0,0.0
2009,Wärmepumpen (Erd- und Umweltwärme),0.0,0.0
2010,"Abfall (Hausmüll, Industrie)",10175077.0,8020179.0
2010,"Abfall (Hausmüll, Siedlungsabfälle)",8887672.0,6985943.0
2010,Abfall (Industrie),1287405.0,1034236.0
2010,Andere Speicher,0.0,0.0
2010,Biogas,202335.0,196749.0
2010,Biomethan (Bioerdgas),0.0,0.0
2010,Braunkohlenbriketts,23734.0,20922.0
2010,Braunkohlenkoks,1559.0,1173.0
2010,Deponiegas,100351.0,89395.0
2010,Dieselkraftstoff,2295.0,2058.0
2010,"Erdgas, Erdölgas",64963290.0,63091282.0
2010,Feste biogene Stoffe,3620581.0,3278135.0
2010,Flüssige biogene Stoffe,46933.0,44075.0
2010,Flüssiggas,24.0,24.0
2010,Geothermie,16494.0,11858.0
2010,Grubengas,386888.0,381784.0
2010,Hartbraunkohlen,0.0,0.0
2010,"Heizöl, leicht",547107.0,495363.0
2010,"Heizöl, schwer",600060.0,555281.0
2010,Hochofengas,2610581.0,2408477.0
2010,Insgesamt,501331232.0,468628740.0
2010,Kernenergie,140556453.0,132970650.0
2010,Klärgas,32345.0,29388.0
2010,Klärschlamm,160591.0,145977.0
2010,Kohlenwertstoffe aus Steinkohle,0.0,0.0
2010,Kokereigas,512866.0,476601.0
2010,Laufwasser,16002094.0,15758648.0
2010,Petrolkoks,107739.0,101015.0
2010,Photovoltaik,17438.0,17437.0
2010,Pumpspeicher mit natürlichem Zufluss,0.0,0.0
2010,Pumpspeicher ohne natürlichen Zufluss,0.0,0.0
2010,Pumpspeicherwasser,6928750.0,6799166.0
2010,Raffineriegas,0.0,0.0
2010,Rohbraunkohlen,141459454.0,130429246.0
2010,Solarthermie,0.0,0.0
2010,Sonstige Braunkohlen,29103.0,27431.0
2010,Sonstige Energieträger,524848.0,487452.0
2010,Sonstige Mineralölprodukte,1630450.0,1491182.0
2010,Sonstige Steinkohlen,0.0,0.0
2010,Sonstige erneuerbare Energien,442.0,442.0
2010,Sonstige hergestellte Gase,30103.0,30103.0
2010,Speicherwasser,699254.0,691835.0
2010,Staub- und Trockenkohle,134590.0,123000.0
2010,Steinkohlen,108403830.0,99705966.0
2010,Steinkohlenbriketts,0.0,0.0
2010,Steinkohlenkoks,0.0,0.0
2010,Strom (Elektrokessel),0.0,0.0
2010,Wasserstoff,0.0,0.0
2010,Windkraft,420703.0,419334.0
2010,Wirbelschichtkohle,382877.0,327134.0
2010,Wärme,0.0,0.0
2010,Wärmepumpen (Erd- und Umweltwärme),0.0,0.0
2011,"Abfall (Hausmüll, Industrie)",10529364.0,8353125.0
2011,"Abfall (Hausmüll, Siedlungsabfälle)",9100545.0,7211704.0
2011,Abfall (Industrie),1428821.0,1141419.0
2011,Andere Speicher,0.0,0.0
2011,Biogas,299767.0,292323.0
2011,Biomethan (Bioerdgas),0.0,0.0
2011,Braunkohlenbriketts,31624.0,27693.0
2011,Braunkohlenkoks,6641.0,5068.0
2011,Deponiegas,75226.0,71211.0
2011,Dieselkraftstoff,2641.0,2432.0
2011,"Erdgas, Erdölgas",61598066.0,59760964.0
2011,Feste biogene Stoffe,4034615.0,3628109.0
2011,Flüssige biogene Stoffe,8452.0,7550.0
2011,Flüssiggas,24.0,24.0
2011,Geothermie,10243.0,10243.0
2011,Grubengas,398047.0,393635.0
2011,Hartbraunkohlen,0.0,0.0
2011,"Heizöl, leicht",524411.0,477112.0
2011,"Heizöl, schwer",462887.0,428810.0
2011,Hochofengas,2504770.0,2329829.0
2011,Insgesamt,462102070.0,431182391.0
2011,Kernenergie,107971230.0,102240624.0
2011,Klärgas,32920.0,30332.0
2011,Klärschlamm,136318.0,124670.0
2011,Kohlenwertstoffe aus Steinkohle,0.0,0.0
2011,Kokereigas,431380.0,403312.0
2011,Laufwasser,13764967.0,13441779.0
2011,Petrolkoks,33373.0,30594.0
2011,Photovoltaik,0.0,0.0
2011,Pumpspeicher mit natürlichem Zufluss,0.0,0.0
2011,Pumpspeicher ohne natürlichen Zufluss,0.0,0.0
2011,Pumpspeicherwasser,6245568.0,6099242.0
2011,Raffineriegas,0.0,0.0
2011,Rohbraunkohlen,145474851.0,134056254.0
2011,Solarthermie,0.0,0.0
2011,Sonstige Braunkohlen,0.0,0.0
2011,Sonstige Energieträger,267907.0,240326.0
2011,Sonstige Mineralölprodukte,800128.0,729249.0
2011,Sonstige Steinkohlen,0.0,0.0
2011,Sonstige erneuerbare Energien,520.0,520.0
2011,Sonstige hergestellte Gase,29367.0,28168.0
2011,Speicherwasser,535740.0,532653.0
2011,Staub- und Trockenkohle,173019.0,160005.0
2011,Steinkohlen,104856166.0,96498708.0
2011,Steinkohlenbriketts,0.0,0.0
2011,Steinkohlenkoks,0.0,0.0
2011,Strom (Elektrokessel),0.0,0.0
2011,Wasserstoff,0.0,0.0
2011,Windkraft,0.0,0.0
2011,Wirbelschichtkohle,591359.0,518777.0
2011,Wärme,270483.0,259051.0
2011,Wärmepumpen (Erd- und Umweltwärme),0.0,0.0
2012,"Abfall (Hausmüll, Industrie)",0.0,0.0
2012,"Abfall (Hausmüll, Siedlungsabfälle)",9439874.0,7520806.0
2012,Abfall (Industrie),1340489.0,1074009.0
2012,Andere Speicher,0.0,0.0
2012,Biogas,574907.0,557436.0
2012,Biomethan (Bioerdgas),0.0,0.0
2012,Braunkohlenbriketts,34609.0,30708.0
2012,Braunkohlenkoks,0.0,0.0
2012,Deponiegas,73955.0,70593.0
2012,Dieselkraftstoff,2022.0,1933.0
2012,"Erdgas, Erdölgas",51448794.0,49867958.0
2012,Feste biogene Stoffe,3990882.0,3586682.0
2012,Flüssige biogene Stoffe,0.0,0.0
2012,Flüssiggas,0.0,0.0
2012,Geothermie,0.0,0.0
2012,Grubengas,345198.0,341172.0
2012,Hartbraunkohlen,0.0,0.0
2012,"Heizöl, leicht",533876.0,486864.0
2012,"Heizöl, schwer",447183.0,412889.0
2012,Hochofengas,0.0,0.0
2012,Insgesamt,467227654.0,435448765.0
2012,Kernenergie,99460199.0,94180287.0
2012,Klärgas,41561.0,38487.0
2012,Klärschlamm,123670.0,113255.0
2012,Kohlenwertstoffe aus Steinkohle,0.0,0.0
2012,Kokereigas,0.0,0.0
2012,Laufwasser,16925428.0,16585897.0
2012,Petrolkoks,0.0,0.0
2012,Photovoltaik,0.0,0.0
2012,Pumpspeicher mit natürlichem Zufluss,560235.0,544428.0
2012,Pumpspeicher ohne natürlichen Zufluss,6094416.0,5941045.0
2012,Pumpspeicherwasser,0.0,0.0
2012,Raffineriegas,0.0,0.0
2012,Rohbraunkohlen,153543992.0,141867569.0
2012,Solarthermie,0.0,0.0
2012,Sonstige Braunkohlen,0.0,0.0
2012,Sonstige Energieträger,241331.0,215849.0
2012,Sonstige Mineralölprodukte,1375208.0,1251192.0
2012,Sonstige Steinkohlen,0.0,0.0
2012,Sonstige erneuerbare Energien,0.0,0.0
2012,Sonstige hergestellte Gase,0.0,0.0
2012,Speicherwasser,804634.0,800037.0
2012,Staub- und Trockenkohle,201542.0,183845.0
2012,Steinkohlen,115347734.0,105829825.0
2012,Steinkohlenbriketts,0.0,0.0
2012,Steinkohlenkoks,0.0,0.0
2012,Strom (Elektrokessel),0.0,0.0
2012,Wasserstoff,0.0,0.0
2012,Windkraft,0.0,0.0
2012,Wirbelschichtkohle,670946.0,594334.0
2012,Wärme,316688.0,305708.0
2012,Wärmepumpen (Erd- und Umweltwärme),0.0,0.0
2013,"Abfall (Hausmüll, Industrie)",0.0,0.0
2013,"Abfall (Hausmüll, Siedlungsabfälle)",10230724.0,8094470.0
2013,Abfall (Industrie),944626.0,754149.0
2013,Andere Speicher,0.0,0.0
2013,Biogas,860689.0,833259.0
2013,Biomethan (Bioerdgas),0.0,0.0
2013,Braunkohlenbriketts,61993.0,45208.0
2013,Braunkohlenkoks,0.0,0.0
2013,Deponiegas,60085.0,57388.0
2013,Dieselkraftstoff,480.0,309.0
2013,"Erdgas, Erdölgas",40924932.0,39584447.0
2013,Feste biogene Stoffe,4442525.0,4010439.0
2013,Flüssige biogene Stoffe,0.0,0.0
2013,Flüssiggas,0.0,0.0
2013,Geothermie,59366.0,50297.0
2013,Grubengas,0.0,0.0
2013,Hartbraunkohlen,0.0,0.0
2013,"Heizöl, leicht",618462.0,566104.0
2013,"Heizöl, schwer",458625.0,420833.0
2013,Hochofengas,0.0,0.0
2013,Insgesamt,462542646.0,431269663.0
2013,Kernenergie,97290038.0,92127247.0
2013,Klärgas,43638.0,40508.0
2013,Klärschlamm,120292.0,110497.0
2013,Kohlenwertstoffe aus Steinkohle,0.0,0.0
2013,Kokereigas,0.0,0.0
2013,Laufwasser,16116707.0,15885857.0
2013,Petrolkoks,0.0,0.0
2013,Photovoltaik,0.0,0.0
2013,Pumpspeicher mit natürlichem Zufluss,529895.0,508740.0
2013,Pumpspeicher ohne natürlichen Zufluss,5784124.0,5651419.0
2013,Pumpspeicherwasser,0.0,0.0
2013,Raffineriegas,0.0,0.0
2013,Rohbraunkohlen,156102742.0,145121600.0
2013,Solarthermie,0.0,0.0
2013,Sonstige Braunkohlen,0.0,0.0
2013,Sonstige Energieträger,0.0,0.0
2013,Sonstige Mineralölprodukte,0.0,0.0
2013,Sonstige Steinkohlen,0.0,0.0
2013,Sonstige erneuerbare Energien,0.0,0.0
2013,Sonstige hergestellte Gase,0.0,0.0
2013,Speicherwasser,726085.0,720887.0
2013,Staub- und Trockenkohle,215294.0,194947.0
2013,Steinkohlen,120700846.0,110723984.0
2013,Steinkohlenbriketts,0.0,0.0
2013,Steinkohlenkoks,0.0,0.0
2013,Strom (Elektrokessel),0.0,0.0
2013,Wasserstoff,0.0,0.0
2013,Windkraft,0.0,0.0
2013,Wirbelschichtkohle,0.0,0.0
2013,Wärme,472281.0,417240.0
2013,Wärmepumpen (Erd- und Umweltwärme),0.0,0.0
2014,"Abfall (Hausmüll, Industrie)",0.0,0.0
2014,"Abfall (Hausmüll, Siedlungsabfälle)",11591850.0,9203020.0
2014,Abfall (Industrie),1138843.0,899879.0
2014,Andere Speicher,0.0,0.0
2014,Biogas,1169480.0,1135402.0
2014,Biomethan (Bioerdgas),0.0,0.0
2014,Braunkohlenbriketts,89591.0,76765.0
2014,Braunkohlenkoks,0.0,0.0
2014,Deponiegas,79012.0,75515.0
2014,Dieselkraftstoff,100.0,95.0
2014,"Erdgas, Erdölgas",32308958.0,31122120.0
2014,Feste biogene Stoffe,4747786.0,4281009.0
2014,Flüssige biogene Stoffe,1535.0,1426.0
2014,Flüssiggas,4.0,2.0
2014,Geothermie,95028.0,52831.0
2014,Grubengas,0.0,0.0
2014,Hartbraunkohlen,0.0,0.0
2014,"Heizöl, leicht",556331.0,511960.0
2014,"Heizöl, schwer",391988.0,359906.0
2014,Hochofengas,0.0,0.0
2014,Insgesamt,445529657.0,414426524.0
2014,Kernenergie,97129277.0,91800049.0
2014,Klärgas,33858.0,32537.0
2014,Klärschlamm,131877.0,120755.0
2014,Kohlenwertstoffe aus Steinkohle,0.0,0.0
2014,Kokereigas,0.0,0.0
2014,Laufwasser,15172574.0,14965005.0
2014,Petrolkoks,0.0,0.0
2014,Photovoltaik,0.0,0.0
2014,Pumpspeicher mit natürlichem Zufluss,223159.0,91006.0
2014,Pumpspeicher ohne natürlichen Zufluss,5856898.0,5737564.0
2014,Pumpspeicherwasser,0.0,0.0
2014,Raffineriegas,0.0,0.0
2014,Rohbraunkohlen,151580242.0,140791233.0
2014,Solarthermie,0.0,0.0
2014,Sonstige Braunkohlen,0.0,0.0
2014,Sonstige Energieträger,0.0,0.0
2014,Sonstige Mineralölprodukte,0.0,0.0
2014,Sonstige Steinkohlen,0.0,0.0
2014,Sonstige erneuerbare Energien,0.0,0.0
2014,Sonstige hergestellte Gase,0.0,0.0
2014,Speicherwasser,551477.0,544901.0
2014,Staub- und Trockenkohle,249330.0,227179.0
2014,Steinkohlen,117517017.0,107734160.0
2014,Steinkohlenbriketts,0.0,0.0
2014,Steinkohlenkoks,0.0,0.0
2014,Strom (Elektrokessel),0.0,0.0
2014,Wasserstoff,0.0,0.0
2014,Windkraft,0.0,0.0
2014,Wirbelschichtkohle,0.0,0.0
2014,Wärme,591779.0,558991.0
2014,Wärmepumpen (Erd- und Umweltwärme),0.0,0.0
2015,"Abfall (Hausmüll, Industrie)",0.0,0.0
2015,"Abfall (Hausmüll, Siedlungsabfälle)",11020302.0,8678621.0
2015,Abfall (Industrie),1054019.0,822492.0
2015,Andere Speicher,0.0,0.0
2015,Biogas,1707024.0,1656879.0
2015,Biomethan (Bioerdgas),0.0,0.0
2015,Braunkohlenbriketts,60003.0,53241.0
2015,Braunkohlenkoks,1321.0,1090.0
2015,Deponiegas,86314.0,83700.0
2015,Dieselkraftstoff,135.0,131.0
2015,"Erdgas, Erdölgas",31276477.0,30123232.0
2015,Feste biogene Stoffe,4867911.0,4376181.0
2015,Flüssige biogene Stoffe,947.0,890.0
2015,Flüssiggas,0.0,0.0
2015,Geothermie,134122.0,91532.0
2015,Grubengas,0.0,0.0
2015,Hartbraunkohlen,0.0,0.0
2015,"Heizöl, leicht",600591.0,540852.0
2015,"Heizöl, schwer",396992.0,362716.0
2015,Hochofengas,0.0,0.0
2015,Insgesamt,433688820.0,402398137.0
2015,Kernenergie,91786311.0,86765007.0
2015,Klärgas,42345.0,39870.0
2015,Klärschlamm,160553.0,145955.0
2015,Kohlenwertstoffe aus Steinkohle,0.0,0.0
2015,Kokereigas,0.0,0.0
2015,Laufwasser,14674461.0,14439343.0
2015,Petrolkoks,0.0,0.0
2015,Photovoltaik,0.0,0.0
2015,Pumpspeicher mit natürlichem Zufluss,294405.0,268169.0
2015,Pumpspeicher ohne natürlichen Zufluss,5921283.0,5798668.0
2015,Pumpspeicherwasser,0.0,0.0
2015,Raffineriegas,0.0,0.0
2015,Rohbraunkohlen,150072555.0,139371157.0
2015,Solarthermie,0.0,0.0
2015,Sonstige Braunkohlen,0.0,0.0
2015,Sonstige Energieträger,31915.0,30406.0
2015,Sonstige Mineralölprodukte,45273.0,42080.0
2015,Sonstige Steinkohlen,0.0,0.0
2015,Sonstige erneuerbare Energien,0.0,0.0
2015,Sonstige hergestellte Gase,0.0,0.0
2015,Speicherwasser,567791.0,562090.0
2015,Staub- und Trockenkohle,307569.0,280994.0
2015,Steinkohlen,116802798.0,106207512.0
2015,Steinkohlenbriketts,0.0,0.0
2015,Steinkohlenkoks,0.0,0.0
2015,Strom (Elektrokessel),0.0,0.0
2015,Wasserstoff,0.0,0.0
2015,Windkraft,0.0,0.0
2015,Wirbelschichtkohle,0.0,0.0
2015,Wärme,566358.0,535377.0
2015,Wärmepumpen (Erd- und Umweltwärme),0.0,0.0
2016,"Abfall (Hausmüll, Industrie)",0.0,0.0
2016,"Abfall (Hausmüll, Siedlungsabfälle)",11317640.0,9003436.0
2016,Abfall (Industrie),1183999.0,942120.0
2016,Andere Speicher,0.0,0.0
2016,Biogas,1778274.0,1730984.0
2016,Biomethan (Bioerdgas),0.0,0.0
2016,Braunkohlenbriketts,0.0,0.0
2016,Braunkohlenkoks,0.0,0.0
2016,Deponiegas,75614.0,72410.0
2016,Dieselkraftstoff,114.0,114.0
2016,"Erdgas, Erdölgas",47900135.0,46503022.0
2016,Feste biogene Stoffe,5187391.0,4682300.0
2016,Flüssige biogene Stoffe,0.0,0.0
2016,Flüssiggas,0.0,0.0
2016,Geothermie,162464.0,152650.0
2016,Grubengas,138300.0,134240.0
2016,Hartbraunkohlen,0.0,0.0
2016,"Heizöl, leicht",656029.0,602330.0
2016,"Heizöl, schwer",376075.0,343823.0
2016,Hochofengas,0.0,0.0
2016,Insgesamt,432429504.0,403201939.0
2016,Kernenergie,84634366.0,80038153.0
2016,Klärgas,45428.0,41986.0
2016,Klärschlamm,145675.0,131821.0
2016,Kohlenwertstoffe aus Steinkohle,0.0,0.0
2016,Kokereigas,0.0,0.0
2016,Laufwasser,15966237.0,15710922.0
2016,Petrolkoks,0.0,0.0
2016,Photovoltaik,0.0,0.0
2016,Pumpspeicher mit natürlichem Zufluss,113705.0,94108.0
2016,Pumpspeicher ohne natürlichen Zufluss,5588358.0,5450752.0
2016,Pumpspeicherwasser,0.0,0.0
2016,Raffineriegas,0.0,0.0
2016,Rohbraunkohlen,145250857.0,134885571.0
2016,Solarthermie,0.0,0.0
2016,Sonstige Braunkohlen,0.0,0.0
2016,Sonstige Energieträger,47498.0,44992.0
2016,Sonstige Mineralölprodukte,104116.0,108742.0
2016,Sonstige Steinkohlen,0.0,0.0
2016,Sonstige erneuerbare Energien,0.0,0.0
2016,Sonstige hergestellte Gase,0.0,0.0
2016,Speicherwasser,634218.0,628061.0
2016,Staub- und Trockenkohle,209934.0,191570.0
2016,Steinkohlen,108833368.0,99764932.0
2016,Steinkohlenbriketts,0.0,0.0
2016,Steinkohlenkoks,0.0,0.0
2016,Strom (Elektrokessel),0.0,0.0
2016,Wasserstoff,0.0,0.0
2016,Windkraft,0.0,0.0
2016,Wirbelschichtkohle,0.0,0.0
2016,Wärme,546943.0,525936.0
2016,Wärmepumpen (Erd- und Umweltwärme),0.0,0.0
2017,"Abfall (Hausmüll, Industrie)",0.0,0.0
2017,"Abfall (Hausmüll, Siedlungsabfälle)",11349734.0,9103612.0
2017,Abfall (Industrie),1085700.0,864336.0
2017,Andere Speicher,0.0,0.0
2017,Biogas,1806365.0,1757636.0
2017,Biomethan (Bioerdgas),0.0,0.0
2017,Braunkohlenbriketts,0.0,0.0
2017,Braunkohlenkoks,256.0,194.0
2017,Deponiegas,70627.0,67784.0
2017,Dieselkraftstoff,136.0,136.0
2017,"Erdgas, Erdölgas",50665929.0,48956363.0
2017,Feste biogene Stoffe,5211908.0,4703454.0
2017,Flüssige biogene Stoffe,1086.0,1013.0
2017,Flüssiggas,0.0,0.0
2017,Geothermie,152826.0,147306.0
2017,Grubengas,104971.0,78413.0
2017,Hartbraunkohlen,0.0,0.0
2017,"Heizöl, leicht",663323.0,603436.0
2017,"Heizöl, schwer",335915.0,307095.0
2017,Hochofengas,0.0,0.0
2017,Insgesamt,406283417.0,378941372.0
2017,Kernenergie,76324402.0,72154983.0
2017,Klärgas,38116.0,35402.0
2017,Klärschlamm,115743.0,104272.0
2017,Kohlenwertstoffe aus Steinkohle,0.0,0.0
2017,Kokereigas,0.0,0.0
2017,Laufwasser,15688946.0,15566110.0
2017,Petrolkoks,0.0,0.0
2017,Photovoltaik,0.0,0.0
2017,Pumpspeicher mit natürlichem Zufluss,412731.0,361982.0
2017,Pumpspeicher ohne natürlichen Zufluss,6004582.0,5909658.0
2017,Pumpspeicherwasser,0.0,0.0
2017,Raffineriegas,0.0,0.0
2017,Rohbraunkohlen,144182920.0,133983240.0
2017,Solarthermie,0.0,0.0
2017,Sonstige Braunkohlen,0.0,0.0
2017,Sonstige Energieträger,44214.0,41829.0
2017,Sonstige Mineralölprodukte,95346.0,65288.0
2017,Sonstige Steinkohlen,0.0,0.0
2017,Sonstige erneuerbare Energien,0.0,0.0
2017,Sonstige hergestellte Gase,0.0,0.0
2017,Speicherwasser,626930.0,621850.0
2017,Staub- und Trockenkohle,142809.0,129584.0
2017,Steinkohlen,89461229.0,81723616.0
2017,Steinkohlenbriketts,0.0,0.0
2017,Steinkohlenkoks,0.0,0.0
2017,Strom (Elektrokessel),0.0,0.0
2017,Wasserstoff,0.0,0.0
2017,Windkraft,0.0,0.0
2017,Wirbelschichtkohle,0.0,0.0
2017,Wärme,533026.0,515228.0
2017,Wärmepumpen (Erd- und Umweltwärme),0.0,0.0
2018,"Abfall (Hausmüll, Industrie)",0.0,0.0
2018,"Abfall (Hausmüll, Siedlungsabfälle)",11753791.0,9368342.0
2018,Abfall (Industrie),678735.0,532107.0
2018,Andere Speicher,73797.0,73797.0
2018,Biogas,1846769.0,1776954.0
2018,Biomethan (Bioerdgas),783692.0,766717.0
2018,Braunkohlenbriketts,0.0,0.0
2018,Braunkohlenkoks,0.0,0.0
2018,Deponiegas,58562.0,53825.0
2018,Dieselkraftstoff,404.0,395.0
2018,"Erdgas, Erdölgas",46282097.0,44533130.0
2018,Feste biogene Stoffe,5162210.0,4621836.0
2018,Flüssige biogene Stoffe,0.0,0.0
2018,Flüssiggas,0.0,0.0
2018,Geothermie,0.0,0.0
2018,Grubengas,142767.0,138398.0
2018,Hartbraunkohlen,0.0,0.0
2018,"Heizöl, leicht",491790.0,455811.0
2018,"Heizöl, schwer",242804.0,222275.0
2018,Hochofengas,0.0,0.0
2018,Insgesamt,387499605.0,361342016.0
2018,Kernenergie,76004802.0,71866451.0
2018,Klärgas,26548.0,24716.0
2018,Klärschlamm,299366.0,273648.0
2018,Kohlenwertstoffe aus Steinkohle,0.0,0.0
2018,Kokereigas,0.0,0.0
2018,Laufwasser,13986518.0,13859806.0
2018,Petrolkoks,0.0,0.0
2018,Photovoltaik,0.0,0.0
2018,Pumpspeicher mit natürlichem Zufluss,523606.0,523606.0
2018,Pumpspeicher ohne natürlichen Zufluss,5585581.0,5585581.0
2018,Pumpspeicherwasser,0.0,0.0
2018,Raffineriegas,0.0,0.0
2018,Rohbraunkohlen,141293804.0,131497568.0
2018,Solarthermie,0.0,0.0
2018,Sonstige Braunkohlen,0.0,0.0
2018,Sonstige Energieträger,0.0,0.0
2018,Sonstige Mineralölprodukte,89981.0,73488.0
2018,Sonstige Steinkohlen,0.0,0.0
2018,Sonstige erneuerbare Energien,0.0,0.0
2018,Sonstige hergestellte Gase,0.0,0.0
2018,Speicherwasser,532335.0,528215.0
2018,Staub- und Trockenkohle,114054.0,103460.0
2018,Steinkohlen,79335803.0,72406068.0
2018,Steinkohlenbriketts,0.0,0.0
2018,Steinkohlenkoks,0.0,0.0
2018,Strom (Elektrokessel),0.0,0.0
2018,Wasserstoff,0.0,0.0
2018,Windkraft,0.0,0.0
2018,Wirbelschichtkohle,0.0,0.0
2018,Wärme,480932.0,461979.0
2018,Wärmepumpen (Erd- und Umweltwärme),0.0,0.0
2019,"Abfall (Hausmüll, Industrie)",0.0,0.0
2019,"Abfall (Hausmüll, Siedlungsabfälle)",11094379.0,8807724.0
2019,Abfall (Industrie),696520.0,546308.0
2019,Andere Speicher,21676.0,21676.0
2019,Biogas,1974567.0,1909288.0
2019,Biomethan (Bioerdgas),804642.0,786940.0
2019,Braunkohlenbriketts,0.0,0.0
2019,Braunkohlenkoks,0.0,0.0
2019,Deponiegas,59339.0,54243.0
2019,Dieselkraftstoff,136.0,134.0
2019,"Erdgas, Erdölgas",54669064.0,52899669.0
2019,Feste biogene Stoffe,4895423.0,4365482.0
2019,Flüssige biogene Stoffe,0.0,0.0
2019,Flüssiggas,0.0,0.0
2019,Geothermie,0.0,0.0
2019,Grubengas,84775.0,82699.0
2019,Hartbraunkohlen,0.0,0.0
2019,"Heizöl, leicht",474702.0,435206.0
2019,"Heizöl, schwer",217742.0,196806.0
2019,Hochofengas,0.0,0.0
2019,Insgesamt,333450755.0,311088542.0
2019,Kernenergie,75071236.0,70992174.0
2019,Klärgas,4545.0,1627.0
2019,Klärschlamm,141151.0,99483.0
2019,Kohlenwertstoffe aus Steinkohle,0.0,0.0
2019,Kokereigas,0.0,0.0
2019,Laufwasser,15596938.0,15466372.0
2019,Petrolkoks,0.0,0.0
2019,Photovoltaik,0.0,0.0
2019,Pumpspeicher mit natürlichem Zufluss,415434.0,415434.0
2019,Pumpspeicher ohne natürlichen Zufluss,1429649.0,1429649.0
2019,Pumpspeicherwasser,0.0,0.0
2019,Raffineriegas,0.0,0.0
2019,Rohbraunkohlen,109976600.0,101924390.0
2019,Solarthermie,0.0,0.0
2019,Sonstige Braunkohlen,0.0,0.0
2019,Sonstige Energieträger,0.0,0.0
2019,Sonstige Mineralölprodukte,92261.0,85141.0
2019,Sonstige Steinkohlen,0.0,0.0
2019,Sonstige erneuerbare Energien,0.0,0.0
2019,Sonstige hergestellte Gase,0.0,0.0
2019,Speicherwasser,762301.0,757694.0
2019,Staub- und Trockenkohle,0.0,0.0
2019,Steinkohlen,54522044.0,49502522.0
2019,Steinkohlenbriketts,0.0,0.0
2019,Steinkohlenkoks,0.0,0.0
2019,Strom (Elektrokessel),0.0,0.0
2019,Wasserstoff,0.0,0.0
2019,Windkraft,0.0,0.0
2019,Wirbelschichtkohle,0.0,0.0
2019,Wärme,565801.0,541179.0
2019,Wärmepumpen (Erd- und Umweltwärme),0.0,0.0
2020,"Abfall (Hausmüll, Industrie)",0.0,0.0
2020,"Abfall (Hausmüll, Siedlungsabfälle)",11104186.0,8806724.0
2020,Abfall (Industrie),523452.0,394625.0
2020,Andere Speicher,0.0,0.0
2020,Biogas,2253937.0,2177331.0
2020,Biomethan (Bioerdgas),923385.0,904378.0
2020,Braunkohlenbriketts,0.0,0.0
2020,Braunkohlenkoks,0.0,0.0
2020,Deponiegas,75113.0,70880.0
2020,Dieselkraftstoff,147.0,145.0
2020,"Erdgas, Erdölgas",58826497.0,57096199.0
2020,Feste biogene Stoffe,5017149.0,4441567.0
2020,Flüssige biogene Stoffe,3747.0,3449.0
2020,Flüssiggas,0.0,0.0
2020,Geothermie,0.0,0.0
2020,Grubengas,722800.0,716510.0
2020,Hartbraunkohlen,0.0,0.0
2020,"Heizöl, leicht",500688.0,454383.0
2020,"Heizöl, schwer",167873.0,151801.0
2020,Hochofengas,0.0,0.0
2020,Insgesamt,289448384.0,270489800.0
2020,Kernenergie,64382398.0,60914325.0
2020,Klärgas,2201.0,1952.0
2020,Klärschlamm,173954.0,126970.0
2020,Kohlenwertstoffe aus Steinkohle,0.0,0.0
2020,Kokereigas,0.0,0.0
2020,Laufwasser,14230038.0,14100154.0
2020,Petrolkoks,0.0,0.0
2020,Photovoltaik,0.0,0.0
2020,Pumpspeicher mit natürlichem Zufluss,507079.0,507079.0
2020,Pumpspeicher ohne natürlichen Zufluss,0.0,0.0
2020,Pumpspeicherwasser,0.0,0.0
2020,Raffineriegas,0.0,0.0
2020,Rohbraunkohlen,88696216.0,82127603.0
2020,Solarthermie,0.0,0.0
2020,Sonstige Braunkohlen,0.0,0.0
2020,Sonstige Energieträger,0.0,0.0
2020,Sonstige Mineralölprodukte,48490.0,44447.0
2020,Sonstige Steinkohlen,0.0,0.0
2020,Sonstige erneuerbare Energien,0.0,0.0
2020,Sonstige hergestellte Gase,0.0,0.0
2020,Speicherwasser,898621.0,894433.0
2020,Staub- und Trockenkohle,2535.0,2156.0
2020,Steinkohlen,39228231.0,35460409.0
2020,Steinkohlenbriketts,0.0,0.0
2020,Steinkohlenkoks,0.0,0.0
2020,Strom (Elektrokessel),0.0,0.0
2020,Wasserstoff,5855.0,4912.0
2020,Windkraft,0.0,0.0
2020,Wirbelschichtkohle,0.0,0.0
2020,Wärme,536607.0,514311.0
2020,Wärmepumpen (Erd- und Umweltwärme),0.0,0.0
2021,"Abfall (Hausmüll, Industrie)",0.0,0.0
2021,"Abfall (Hausmüll, Siedlungsabfälle)",10877853.0,8559383.0
2021,Abfall (Industrie),509642.0,375927.0
2021,Andere Speicher,0.0,0.0
2021,Biogas,2421706.0,2305019.0
2021,Biomethan (Bioerdgas),1058011.0,1036391.0
2021,Braunkohlenbriketts,0.0,0.0
2021,Braunkohlenkoks,0.0,0.0
2021,Deponiegas,66831.0,62707.0
2021,Dieselkraftstoff,87.0,86.0
2021,"Erdgas, Erdölgas",53453213.0,51795658.0
2021,Feste biogene Stoffe,4780620.0,4215786.0
2021,Flüssige biogene Stoffe,0.0,0.0
2021,Flüssiggas,0.0,0.0
2021,Geothermie,0.0,0.0
2021,Grubengas,613479.0,606925.0
2021,Hartbraunkohlen,0.0,0.0
2021,"Heizöl, leicht",598684.0,555125.0
2021,"Heizöl, schwer",203409.0,184404.0
2021,Hochofengas,0.0,0.0
2021,Insgesamt,319623928.0,298594508.0
2021,Kernenergie,69130451.0,65444269.0
2021,Klärgas,0.0,0.0
2021,Klärschlamm,212480.0,193210.0
2021,Kohlenwertstoffe aus Steinkohle,0.0,0.0
2021,Kokereigas,0.0,0.0
2021,Laufwasser,14996268.0,14869915.0
2021,Petrolkoks,0.0,0.0
2021,Photovoltaik,0.0,0.0
2021,Pumpspeicher mit natürlichem Zufluss,488199.0,488199.0
2021,Pumpspeicher ohne natürlichen Zufluss,0.0,0.0
2021,Pumpspeicherwasser,0.0,0.0
2021,Raffineriegas,0.0,0.0
2021,Rohbraunkohlen,107136315.0,99369899.0
2021,Solarthermie,0.0,0.0
2021,Sonstige Braunkohlen,0.0,0.0
2021,Sonstige Energieträger,0.0,0.0
2021,Sonstige Mineralölprodukte,26536.0,27574.0
2021,Sonstige Steinkohlen,0.0,0.0
2021,Sonstige erneuerbare Energien,0.0,0.0
2021,Sonstige hergestellte Gase,0.0,0.0
2021,Speicherwasser,690104.0,686116.0
2021,Staub- und Trockenkohle,0.0,0.0
2021,Steinkohlen,51105726.0,46662272.0
2021,Steinkohlenbriketts,0.0,0.0
2021,Steinkohlenkoks,0.0,0.0
2021,Strom (Elektrokessel),0.0,0.0
2021,Wasserstoff,4449.0,3880.0
2021,Windkraft,0.0,0.0
2021,Wirbelschichtkohle,0.0,0.0
2021,Wärme,552733.0,534328.0
2021,Wärmepumpen (Erd- und Umweltwärme),0.0,0.0
2022,"Abfall (Hausmüll, Industrie)",0.0,0.0
2022,"Abfall (Hausmüll, Siedlungsabfälle)",10494870.0,8248923.0
2022,Abfall (Industrie),542528.0,368800.0
2022,Andere Speicher,0.0,0.0
2022,Biogas,2781280.0,2662856.0
2022,Biomethan (Bioerdgas),1031257.0,1007771.0
2022,Braunkohlenbriketts,12474.0,11437.0
2022,Braunkohlenkoks,0.0,0.0
2022,Deponiegas,59865.0,56080.0
2022,Dieselkraftstoff,97.0,130.0
2022,"Erdgas, Erdölgas",46636173.0,45163692.0
2022,Feste biogene Stoffe,5157300.0,4555379.0
2022,Flüssige biogene Stoffe,0.0,0.0
2022,Flüssiggas,0.0,0.0
2022,Geothermie,0.0,0.0
2022,Grubengas,582598.0,577320.0
2022,Hartbraunkohlen,0.0,0.0
2022,"Heizöl, leicht",829010.0,773966.0
2022,"Heizöl, schwer",237153.0,214907.0
2022,Hochofengas,0.0,0.0
2022,Insgesamt,293024355.0,273144777.0
2022,Kernenergie,34709262.0,32765409.0
2022,Klärgas,2369.0,2206.0
2022,Klärschlamm,206727.0,181850.0
2022,Kohlenwertstoffe aus Steinkohle,0.0,0.0
2022,Kokereigas,0.0,0.0
2022,Laufwasser,13404202.0,13281637.0
2022,Petrolkoks,0.0,0.0
2022,Photovoltaik,0.0,0.0
2022,Pumpspeicher mit natürlichem Zufluss,458795.0,458795.0
2022,Pumpspeicher ohne natürlichen Zufluss,0.0,0.0
2022,Pumpspeicherwasser,0.0,0.0
2022,Raffineriegas,0.0,0.0
2022,Rohbraunkohlen,113611257.0,105943522.0
2022,Solarthermie,0.0,0.0
2022,Sonstige Braunkohlen,0.0,0.0
2022,Sonstige Energieträger,0.0,0.0
2022,Sonstige Mineralölprodukte,0.0,0.0
2022,Sonstige Steinkohlen,0.0,0.0
2022,Sonstige erneuerbare Energien,0.0,0.0
2022,Sonstige hergestellte Gase,187.0,162.0
2022,Speicherwasser,614789.0,611161.0
2022,Staub- und Trockenkohle,0.0,0.0
2022,Steinkohlen,60759488.0,55443583.0
2022,Steinkohlenbriketts,0.0,0.0
2022,Steinkohlenkoks,0.0,0.0
2022,Strom (Elektrokessel),0.0,0.0
2022,Wasserstoff,0.0,0.0
2022,Windkraft,0.0,0.0
2022,Wirbelschichtkohle,0.0,0.0
2022,Wärme,346036.0,330541.0
2022,Wärmepumpen (Erd- und Umweltwärme),0.0,0.0
2023,"Abfall (Hausmüll, Industrie)",0.0,0.0
2023,"Abfall (Hausmüll, Siedlungsabfälle)",10660390.0,8426706.0
2023,Abfall (Industrie),504530.0,337381.0
2023,Andere Speicher,0.0,0.0
2023,Biogas,2734483.0,2628872.0
2023,Biomethan (Bioerdgas),955826.0,936420.0
2023,Braunkohlenbriketts,0.0,0.0
2023,Braunkohlenkoks,0.0,0.0
2023,Deponiegas,57261.0,53592.0
2023,Dieselkraftstoff,17.0,32.0
2023,"Erdgas, Erdölgas",45638887.0,44255013.0
2023,Feste biogene Stoffe,4856031.0,4314766.0
2023,Flüssige biogene Stoffe,0.0,0.0
2023,Flüssiggas,0.0,0.0
2023,Geothermie,0.0,0.0
2023,Grubengas,505893.0,501442.0
2023,Hartbraunkohlen,0.0,0.0
2023,"Heizöl, leicht",592796.0,544708.0
2023,"Heizöl, schwer",232189.0,209715.0
2023,Hochofengas,0.0,0.0
2023,Insgesamt,212343879.0,197288057.0
2023,Kernenergie,5376633.0,4996402.0
2023,Klärgas,1601.0,1497.0
2023,Klärschlamm,169936.0,131568.0
2023,Kohlenwertstoffe aus Steinkohle,0.0,0.0
2023,Kokereigas,0.0,0.0
2023,Laufwasser,15188945.0,15063243.0
2023,Petrolkoks,0.0,0.0
2023,Photovoltaik,0.0,0.0
2023,Pumpspeicher mit natürlichem Zufluss,438707.0,438707.0
2023,Pumpspeicher ohne natürlichen Zufluss,0.0,0.0
2023,Pumpspeicherwasser,0.0,0.0
2023,Raffineriegas,0.0,0.0
2023,Rohbraunkohlen,83954004.0,77586126.0
2023,Solarthermie,0.0,0.0
2023,Sonstige Braunkohlen,0.0,0.0
2023,Sonstige Energieträger,0.0,0.0
2023,Sonstige Mineralölprodukte,0.0,0.0
2023,Sonstige Steinkohlen,0.0,0.0
2023,Sonstige erneuerbare Energien,0.0,0.0
2023,Sonstige hergestellte Gase,0.0,0.0
2023,Speicherwasser,843279.0,839316.0
2023,Staub- und Trockenkohle,2098.0,0.0
2023,Steinkohlen,36824527.0,33391799.0
2023,Steinkohlenbriketts,0.0,0.0
2023,Steinkohlenkoks,0.0,0.0
2023,Strom (Elektrokessel),0.0,0.0
2023,Wasserstoff,1421.0,1227.0
2023,Windkraft,0.0,0.0
2023,Wirbelschichtkohle,0.0,0.0
2023,Wärme,440012.0,422153.0
2023,Wärmepumpen (Erd- und Umweltwärme),0.0,0.0
2024,"Abfall (Hausmüll, Industrie)",0.0,0.0
2024,"Abfall (Hausmüll, Siedlungsabfälle)",10360014.0,8103057.0
2024,Abfall (Industrie),462157.0,302544.0
2024,Andere Speicher,0.0,0.0
2024,Biogas,2654988.0,2564677.0
2024,Biomethan (Bioerdgas),884681.0,868105.0
2024,Braunkohlenbriketts,0.0,0.0
2024,Braunkohlenkoks,0.0,0.0
2024,Deponiegas,62411.0,58672.0
2024,Dieselkraftstoff,57.0,88.0
2024,"Erdgas, Erdölgas",49271198.0,47744737.0
2024,Feste biogene Stoffe,4591252.0,4074438.0
2024,Flüssige biogene Stoffe,0.0,0.0
2024,Flüssiggas,0.0,0.0
2024,Geothermie,0.0,0.0
2024,Grubengas,491217.0,486810.0
2024,Hartbraunkohlen,0.0,0.0
2024,"Heizöl, leicht",571400.0,522878.0
2024,"Heizöl, schwer",171941.0,154815.0
2024,Hochofengas,0.0,0.0
2024,Insgesamt,192629249.0,179503951.0
2024,Kernenergie,0.0,0.0
2024,Klärgas,3063.0,2939.0
2024,Klärschlamm,229265.0,198268.0
2024,Kohlenwertstoffe aus Steinkohle,0.0,0.0
2024,Kokereigas,0.0,0.0
2024,Laufwasser,17549032.0,17400482.0
2024,Petrolkoks,0.0,0.0
2024,Photovoltaik,0.0,0.0
2024,Pumpspeicher mit natürlichem Zufluss,439439.0,439439.0
2024,Pumpspeicher ohne natürlichen Zufluss,0.0,0.0
2024,Pumpspeicherwasser,0.0,0.0
2024,Raffineriegas,0.0,0.0
2024,Rohbraunkohlen,76810775.0,71076760.0
2024,Solarthermie,0.0,0.0
2024,Sonstige Braunkohlen,0.0,0.0
2024,Sonstige Energieträger,0.0,0.0
2024,Sonstige Mineralölprodukte,0.0,0.0
2024,Sonstige Steinkohlen,0.0,0.0
2024,Sonstige erneuerbare Energien,0.0,0.0
2024,Sonstige hergestellte Gase,0.0,0.0
2024,Speicherwasser,938734.0,931103.0
2024,Staub- und Trockenkohle,0.0,0.0
2024,Steinkohlen,26258110.0,23760338.0
2024,Steinkohlenbriketts,0.0,0.0
2024,Steinkohlenkoks,0.0,0.0
2024,Strom (Elektrokessel),0.0,0.0
2024,Wasserstoff,0.0,0.0
2024,Windkraft,0.0,0.0
2024,Wirbelschichtkohle,0.0,0.0
2024,Wärme,463821.0,449225.0
2024,Wärmepumpen (Erd- und Umweltwärme),0.0,0.0
2025,"Abfall (Hausmüll, Industrie)",0.0,0.0
2025,"Abfall (Hausmüll, Siedlungsabfälle)",811525.0,620716.0
2025,Abfall (Industrie),37817.0,29764.0
2025,Andere Speicher,0.0,0.0
2025,Biogas,229476.0,221529.0
2025,Biomethan (Bioerdgas),111564.0,109740.0
2025,Braunkohlenbriketts,0.0,0.0
2025,Braunkohlenkoks,0.0,0.0
2025,Deponiegas,4961.0,4697.0
2025,Dieselkraftstoff,0.0,0.0
2025,"Erdgas, Erdölgas",7429442.0,7232448.0
2025,Feste biogene Stoffe,418090.0,373261.0
2025,Flüssige biogene Stoffe,0.0,0.0
2025,Flüssiggas,0.0,0.0
2025,Geothermie,0.0,0.0
2025,Grubengas,51975.0,51475.0
2025,Hartbraunkohlen,0.0,0.0
2025,"Heizöl, leicht",60746.0,55941.0
2025,"Heizöl, schwer",20429.0,18432.0
2025,Hochofengas,0.0,0.0
2025,Insgesamt,21892536.0,20557623.0
2025,Kernenergie,0.0,0.0
2025,Klärgas,834.0,808.0
2025,Klärschlamm,18986.0,15995.0
2025,Kohlenwertstoffe aus Steinkohle,0.0,0.0
2025,Kokereigas,0.0,0.0
2025,Laufwasser,1305168.0,1292421.0
2025,Petrolkoks,0.0,0.0
2025,Photovoltaik,0.0,0.0
2025,Pumpspeicher mit natürlichem Zufluss,77464.0,77464.0
2025,Pumpspeicher ohne natürlichen Zufluss,0.0,0.0
2025,Pumpspeicherwasser,0.0,0.0
2025,Raffineriegas,0.0,0.0
2025,Rohbraunkohlen,7361170.0,6857684.0
2025,Solarthermie,0.0,0.0
2025,Sonstige Braunkohlen,0.0,0.0
2025,Sonstige Energieträger,0.0,0.0
2025,Sonstige Mineralölprodukte,0.0,0.0
2025,Sonstige Steinkohlen,0.0,0.0
2025,Sonstige erneuerbare Energien,0.0,0.0
2025,Sonstige hergestellte Gase,0.0,0.0
2025,Speicherwasser,76523.0,75920.0
2025,Staub- und Trockenkohle,0.0,0.0
2025,Steinkohlen,3793675.0,3445511.0
2025,Steinkohlenbriketts,0.0,0.0
2025,Steinkohlenkoks,0.0,0.0
2025,Strom (Elektrokessel),0.0,0.0
2025,Wasserstoff,0.0,0.0
2025,Windkraft,0.0,0.0
2025,Wirbelschichtkohle,0.0,0.0
2025,Wärme,28089.0,27141.0
2025,Wärmepumpen (Erd- und Umweltwärme),0.0,0.0
